Mozambique - NORTH_Niassa,Mozambique - SOUTH_Maputo,Mozambique - NORTH_Cabo Delgado,Mozambique - NORTH_Nampula,Mozambique - CENTER_Zambezi,Mozambique - CENTER_Tete,Mozambique - CENTER_Manica,Mozambique - CENTER_Sofala,Mozambique - SOUTH_Inhambane,Mozambique - SOUTH_Gaza,Angola,Botswana,Eritrea,Swaziland,Ethiopia - Addis Abeba,Ethiopia - Affar,Ethiopia - Amhara,Ethiopia - Benis Gumz,Ethiopia - Dire Dawa,Ethiopia - Gambela,Ethiopia - Harari,Ethiopia - Oromiya,Ethiopia - Sidama,Ethiopia - Somali,Ethiopia - Tigray,Kenya - Central,Kenya - Coast,Kenya - Eastern,Kenya - Nairobi,Kenya - North Eastern,Kenya - Nyanza,Kenya - Rift Valley,Kenya - Western,Lesotho,Malawi,Namibia,Rwanda,South Sudan,United Republic of Tanzania,Uganda,Zambia,Zimbabwe - Bulawayo,Zimbabwe - Harare Chitungwiza,Zimbabwe - Manicaland,Zimbabwe - Mashonaland Central,Zimbabwe - Mashonaland East,Zimbabwe - Mashonaland West,Zimbabwe - Masvingo,Zimbabwe - Matabeleland North,Zimbabwe - Matabeleland South,Zimbabwe - Midlands,Benin,Burkina Faso,Burundi,Cameroon,Central African Republic,Chad,Congo,Côte d'Ivoire,Democratic Republic of the Congo,Equatorial Guinea,Gabon,Gambia,Ghana,Guinea-Bissau,Guinea,Liberia,Mali,Mauritania,Niger,Nigeria - Abia,Nigeria - Adamawa,Nigeria - Akwa-Ibom,Nigeria - Anambra,Nigeria - Bauchi,Nigeria - Bayelsa,Nigeria - Benue,Nigeria - Borno,Nigeria - CrossRiver,Nigeria - Delta,Nigeria - Ebonyi,Nigeria - Edo,Nigeria - Ekiti,Nigeria - Enugu,Nigeria - FCT,Nigeria - Gombe,Nigeria - Imo,Nigeria - Jigawa,Nigeria - Kaduna,Nigeria - Kano,Nigeria - Katsina,Nigeria - Kebbi,Nigeria - Kogi,Nigeria - Kwara,Nigeria - Lagos,Nigeria - Nasarawa,Nigeria - Niger,Nigeria - Ogun,Nigeria - Ondo,Nigeria - Osun,Nigeria - Oyo,Nigeria - Plateau,Nigeria - Rivers,Nigeria - Sokoto,Nigeria - Taraba,Nigeria - Yobe,Nigeria - Zamfara,Senegal,Sierra Leone,São Tomé and Príncipe,Togo
-5.187989362160545,-4.528034802096988,-5.4930392956129195,-5.331610538780201,-5.8564888100300685,-5.012072379661802,-5.008552971822074,-4.773698249194337,-5.165049728154508,-5.09168137030848,-5.238666961215792,-4.091273655539107,-4.555168971089314,-3.6377547394617924,-3.8691687728264736,-4.907241389367302,-5.361540836610252,-5.239829614282647,-4.444399230638634,-5.308332579375319,-4.458018389893282,-5.274960274517749,-5.367453650336303,-5.23975556144367,-5.211814841374504,-4.095307931214427,-4.165506742522032,-4.4342194824803665,-3.823102744876735,-4.945672183249931,-4.360012988373216,-4.378226187597653,-4.3923745919696815,-3.5342620550786563,-3.4717571609494833,-2.401480980819709,-4.157643180093976,-5.0216740880941035,-4.127155667252118,-3.3452906862221643,-3.9035601499240014,-6.039704666641005,-4.67539229866888,-5.964746308044232,-5.370554342079028,-5.175172148838576,-5.065212139044169,-4.431681026845857,-4.904572058972141,-5.616012505427191,-5.543381588196302,-3.994718760166795,-4.599202748715487,-5.135267449035841,-3.852839395899589,-3.383905493855594,-6.094271121717263,-4.455572772741101,-4.276030008087027,-5.028844409865368,-3.819529802309944,-4.739274035538087,-4.240507381163129,-4.478816085310447,-5.192402643795328,-5.368835599040707,-5.712539833292245,-4.234879041003243,-7.2855354177305385,-6.246349368662328,-4.666902675424231,-5.537551495872724,-4.626803542868332,-4.3106033088181315,-5.641519102848837,-5.4394860151803215,-4.747170532806842,-5.658016650210261,-4.59394331743437,-4.83762705953089,-4.920754552388891,-4.945559603741046,-4.340577028063765,-4.469501564358358,-4.444585831778551,-5.198780697216457,-4.116257981397058,-5.913355543578861,-5.608897749226007,-5.545498976461635,-5.7884620858714415,-6.014151534876791,-5.135970929276392,-5.160508313312557,-4.604438119850373,-5.08037093009763,-5.495757234498475,-5.237758766184293,-4.994396009634938,-4.986177659719223,-5.1379194733131435,-4.607238171785974,-4.669849168258881,-5.934117173363085,-5.459061289154995,-5.748980822709692,-5.769985537467451,-4.799570857841403,-5.522909125577511,-4.540078634080475,-4.8567543070932295
-4.977167808679649,-3.968185298290612,-5.374607688988576,-5.187005619429656,-5.8773493710291635,-4.749150247819267,-4.68230353781958,-4.322431449623559,-4.887669773090885,-4.755579868849724,-4.866436349113011,-3.3939070475286695,-4.074071807910954,-3.2948013814782997,-3.6950863117520423,-4.826322609693054,-5.244379878674788,-5.0813402779625845,-4.112838591862627,-5.204411109931424,-4.060548802737557,-5.172084156280598,-5.2774052637583795,-5.1573199932383895,-5.018170753660328,-3.4514060806316653,-3.5499884811726794,-3.9546263308017533,-3.00637227823187,-4.6910187792092835,-3.820125066099287,-3.8758150502758713,-3.8971019498360224,-3.8391862480879664,-4.245117161930753,-2.4327607130189866,-4.020923962484056,-4.833183545899792,-3.6032618669919034,-3.740898281951362,-3.4524373031222737,-6.152206668363734,-5.050430818866861,-6.2900789016929295,-5.947599137575871,-5.986132765964412,-5.894975356840634,-3.955079007169438,-5.732498644357517,-6.162690357812243,-6.129789938134762,-3.8549424593768427,-4.249573353544091,-4.916353238166746,-3.456059159531227,-3.598748838992096,-5.956543508301275,-4.2410031111892,-4.158987312252269,-4.84212810071546,-3.3963949582301876,-4.369215502957515,-4.433512848477124,-4.378880090992238,-5.282800428949171,-5.312256669447165,-5.7519178501313775,-4.2916113841524615,-3.5963879690409772,-6.088999604002201,-4.323296034601138,-5.592575744254499,-4.319164269501501,-3.787639361583051,-5.740279293382205,-5.421574267326189,-4.508171479763687,-5.763514185780507,-4.20744814507196,-4.642771822865035,-4.715997674671094,-4.7151624807636505,-4.139059237459586,-4.1121470877754405,-3.9874802134845,-5.061079445050392,-3.6199679314588544,-6.088652918400253,-5.603173969394459,-5.572903036054114,-5.946209408628499,-6.264707117762407,-5.0147570499848895,-5.141729573043866,-4.262876917585909,-4.941309976315098,-5.485126109841459,-5.152759556005288,-4.821405126902977,-4.88599728473148,-5.00031421247638,-4.316247188150864,-4.339749420112929,-6.145839915400833,-5.4600154286415945,-5.900304036351716,-5.921284225035895,-5.16004582557503,-5.4137366604203345,-3.965289719867398,-4.782293282835111
-4.7158637841200655,-3.4188270339021707,-5.151005350597676,-4.967732392376923,-5.754340448745028,-4.44784911494395,-4.306257444011047,-3.8295559876660543,-4.538833980039924,-4.343627052196451,-4.27037549135303,-2.7587147567979113,-3.6071061609157424,-3.055031055831626,-3.501919626115835,-4.709581636981446,-5.070345576444703,-4.875406925219715,-3.7823023571246797,-5.041228626095993,-3.669502844160465,-5.012913326671753,-5.123570190129467,-5.0502087947329155,-4.7830420593883,-2.9104232061713136,-3.0188045897004097,-3.5255300018013,-2.310362137242114,-4.430642295769898,-3.335030052738568,-3.4296283530853082,-3.4565440562867114,-3.9545178947586117,-4.213132410900593,-2.4632064603921817,-3.8436451944454664,-4.648004439016162,-3.262352693250617,-3.9002196955308364,-3.1899432808633748,-6.156963950074531,-5.396192915342664,-6.486382146622692,-6.404038004191256,-6.616205525161319,-6.5347194885407145,-3.532690271193426,-6.413291865057887,-6.573206780064904,-6.583417139684602,-3.9082478338131876,-3.961178460258562,-4.680390220870621,-3.2069838576215126,-3.6968755784369276,-5.800329882921742,-4.106778217291326,-4.058480672755196,-4.652489957045507,-2.9751441637505294,-4.00259949589577,-4.489454274249998,-4.378043525545031,-5.2967126900810815,-5.216671251744342,-5.718135880749993,-4.650129202491255,-8.681944651930339,-5.921519739780014,-4.013803410241042,-5.6106807861168715,-4.0697084009000575,-3.3605634566294453,-5.8042303843250975,-5.363179474633592,-4.317206325294836,-5.827115264547593,-3.8644224834982066,-4.491188509035902,-4.532733165206459,-4.489444322690756,-4.077335360608156,-3.838568768461426,-3.5896150836441505,-4.893115486852004,-3.258374860351064,-6.195567502737402,-5.5122253702207695,-5.558744353165596,-6.055233398803236,-6.452537109628936,-4.877808510637208,-5.145717235784393,-3.973947221138829,-4.792734306002846,-5.428067075058058,-5.046994344001024,-4.662976788214547,-4.794230657151918,-4.852548514896595,-4.094656351695701,-4.063723918765674,-6.2956902902420095,-5.418482764401921,-5.998417671560404,-6.025890470114734,-5.357140188640215,-5.257218003026547,-3.4121299686704165,-4.6566613154759455
-4.393085274127165,-2.9182945890538257,-4.78843466483523,-4.649925185951475,-5.453113962718833,-4.089817338554893,-3.8661589984255764,-3.2765120376880255,-4.097194897476795,-3.8292377014535233,-3.6847736590482016,-2.220317873453975,-3.1619497708406485,-2.907020910450519,-3.290869846406374,-4.549141152533824,-4.830649820249724,-4.610967606773024,-3.4511434363489295,-4.8068801503228356,-3.291385862008003,-4.788407546137984,-4.89729487369767,-4.9138946053275685,-4.4958808926655625,-2.5425455615417754,-2.6247195036155264,-3.170502645719542,-1.8448339848299302,-4.163944358555933,-2.9392698198422176,-3.064118321321453,-3.092721177286671,-3.855951883949648,-3.3912052009811315,-2.484503513743862,-3.5985858088462104,-4.467515571284196,-3.196925819675472,-3.8383769606068303,-3.1300814358797857,-6.114924799798405,-5.71677671739757,-6.621186200434833,-6.74139846610976,-7.092236904346376,-7.018051247807097,-3.18438004742015,-6.956497561574557,-6.849142615169753,-6.916950133744155,-3.8495733763551754,-3.7596739637606027,-4.4638850451378875,-3.0410367391827693,-3.69889472766136,-5.615756815763061,-4.0218127139165,-3.9623078698502576,-4.458675577329684,-2.560082983215321,-3.6414893051641193,-4.42691016416502,-4.441609988031439,-5.239143861707473,-5.0773108774155356,-5.6121139228512975,-4.781287278824693,-7.035263372819582,-5.734021003546007,-3.747472161215873,-5.590442507209979,-3.887911955977036,-3.0931120430369177,-5.8384238840475575,-5.261168038323936,-4.17868539234402,-5.851417830539546,-3.5828306271792063,-4.387406400890341,-4.375669542950173,-4.270495498533967,-4.1451142620162456,-3.667421885274734,-3.2766666605795227,-4.687713814164174,-3.068469698866899,-6.241320972086141,-5.320998591928148,-5.504680955633731,-6.121744715960149,-6.588199111199379,-4.716389694083242,-5.171368910362547,-3.7518195838549713,-4.628607516346849,-5.32364072955465,-4.915410255676622,-4.522624609491783,-4.694439398151784,-4.693734355507493,-3.9537699225237506,-3.864885151285047,-6.390967458924506,-5.328884685314115,-6.044339962720068,-6.089334070906626,-5.3986948236569745,-5.047222816917833,-2.8940869274658674,-4.477240147790233
-3.991451126872501,-2.553287482199651,-4.214457431198906,-4.188728412636177,-4.88900724518318,-3.6433358941286027,-3.340829653829028,-2.633353521974311,-3.525345038339773,-3.1647053974607746,-3.1191289900031656,-1.80580318454396,-2.757973484335833,-2.8063004416599955,-3.0646468827499027,-4.333239920012318,-4.510221788182769,-4.275326178975713,-3.115998452117725,-4.480937162196402,-2.9377336411878843,-4.483060436715585,-4.582285614008285,-4.742079642219824,-4.139920196852199,-2.4190552031054624,-2.4233510381645913,-2.9165457804008814,-1.7251054938106305,-3.8905784103741587,-2.6741534727348797,-2.8037976590086098,-2.8251565190348646,-3.4668232126408784,-3.115352066264655,-2.480847036336837,-3.23714093466537,-4.293927083998889,-3.443680024596976,-3.5148755006649455,-3.0104380047839756,-6.125954823678254,-6.054057950105925,-6.76596886537422,-6.982316203131095,-7.458261538166784,-7.379695814842109,-2.9218634176812412,-7.3880501153823275,-7.001120643541938,-7.1573803141438015,-3.6841026271456347,-3.671332797147133,-4.159455646728853,-2.834121801739363,-3.621942081126077,-5.389069687181131,-3.957047225417377,-3.8533062582828514,-4.258865615055754,-2.160350551650015,-3.2891308238065045,-4.252578715149064,-4.532204114208699,-5.110973418867578,-4.88747916137531,-5.430558168633827,-4.733192321195463,-5.854134557149599,-5.5130573467474395,-3.5325951762374594,-5.528667199875562,-3.776791421533131,-3.052371906836752,-5.847268292539752,-5.110109802590761,-4.093166403321725,-5.837569676508682,-3.382864698876595,-4.3335765464734655,-4.249507340267161,-4.061722003697112,-4.317382123010153,-3.6089452386524403,-3.0753124062712454,-4.434354457564665,-3.0601811137522232,-6.229402477294618,-4.998754872056129,-5.41117360630107,-6.1500334823142975,-6.678499620361424,-4.518361396281881,-5.2169516102256335,-3.609858196429063,-4.439026455781606,-5.169136226711209,-4.752190065293187,-4.404261445545817,-4.5662458447137695,-4.522814052101318,-3.8980095360293623,-3.7669053992106107,-6.4354301718020706,-5.182890594785877,-6.036635869723249,-6.1151762052498695,-5.269571244214741,-4.7744206376279354,-2.4308214248388818,-4.239595859944851
-3.587885797913808,-2.2044716283964902,-3.677034712367351,-3.7382410177311556,-4.336046565721466,-3.2019996182553427,-2.831993457806266,-2.0902427381962103,-2.973647724570848,-2.552476347827118,-2.598968632070815,-1.5061583906106224,-2.4201497058422246,-2.6782097931169226,-2.8283832222298346,-4.043236964424498,-4.0823095416937045,-3.8485112325671174,-2.770966364296519,-4.02593864352017,-2.6279580784656114,-4.0693324298107685,-4.14878455408422,-4.52561545822104,-3.6864464134161885,-2.2287217925755045,-2.1852489456808524,-2.6262999375531098,-1.6177991982798854,-3.608538645090362,-2.38089877154796,-2.516677317077705,-2.550279590420767,-2.5604055058927986,-2.625749580623557,-2.4298056322287445,-2.6618660524346667,-4.131079959946504,-2.839789525245439,-2.7864203881021,-2.8090343896480086,-6.4065976812761685,-6.474352321893458,-7.033255282516359,-7.151251582951488,-7.744574785379781,-7.656537248502614,-2.740902192421274,-7.7328655250629215,-7.04437462913471,-7.328903524272427,-3.4082179819586425,-3.4839355967606163,-3.83234128813706,-2.391293171337582,-3.462799537803816,-5.099399866115943,-3.8724329299845137,-3.708741793607413,-4.050390037335764,-1.796160481107455,-2.9503769140583156,-3.9643722492419524,-4.455482727960567,-4.9091059602611224,-4.636091419353355,-5.165008191355348,-4.5302642987466495,-7.060592745999787,-5.23943306954386,-3.355858628906634,-5.389048325197246,-3.6712503547908137,-3.0195615506447213,-5.792014556983127,-4.919169849950526,-3.9738962481358207,-5.766192983668256,-3.179114171674454,-4.268317626380558,-4.104141192054699,-3.875539424301831,-4.39591165055031,-3.5253375931059328,-2.948589919830842,-4.172379603568417,-3.056684290539054,-6.164263574151349,-4.6679588934213925,-5.2722958106668605,-6.113327935299534,-6.715167912826074,-4.307986111039382,-5.19328040483162,-3.4615709036578752,-4.243293583480277,-5.013603447878496,-4.546721430040142,-4.274970884724174,-4.424191639828822,-4.3495527755730325,-3.816257620340254,-3.631135172706979,-6.437733592652219,-5.000896293365916,-5.964288823772384,-6.095179987426417,-4.921231113300855,-4.423859835342515,-2.0482846985151277,-3.9367751270965208
-3.184044619865586,-1.892018110893198,-3.2091903844877057,-3.3161448572408085,-3.808298779850506,-2.7698940040123654,-2.3571182261319352,-1.7195790576845698,-2.4643585411767623,-2.0425837683132193,-2.1655702969052624,-1.3511223421923682,-2.183242789433521,-2.414853161469861,-2.591480826155291,-3.647072981486823,-3.4954572635768315,-3.2842043756749266,-2.4058267485328426,-3.364379314594568,-2.392113439369025,-3.4939129746384756,-3.5365792315007845,-4.250497943338114,-3.0804816075903396,-1.971436988779272,-1.8955384069257115,-2.2956197618894434,-1.5044779949522655,-3.313195372606709,-2.0251661375135543,-2.180304636646022,-2.249244622055939,-2.2407512659255,-2.3176931983898075,-2.3020766615095183,-1.622953349425625,-3.984801055585439,-2.2884343046557696,-2.1742163041099962,-2.4885412443531294,-7.009246115362857,-6.998156548513794,-7.500201712338805,-7.280271410416834,-7.975373860636187,-7.871925559043285,-2.61055194803392,-8.010518694987294,-6.9917141204091555,-7.48835887608129,-3.014020542710342,-3.1858537868014216,-3.4715546102280697,-2.228437638504309,-3.2287422815476754,-4.831385233240646,-3.6961753367657315,-3.4965362297891964,-3.8293636218806952,-1.5060976506994737,-2.6326903093786393,-3.5510342068823495,-4.180951364100687,-4.626177441532397,-4.306721305776551,-4.799163391018633,-4.13722509759173,-4.54594871486328,-4.880995256037004,-3.214010341540466,-5.155175826209305,-3.5507433883230908,-2.9886066778418954,-5.670875826090886,-4.679513684784882,-3.807739426848863,-5.632479282554295,-2.9666287961035316,-4.186853145563274,-3.932901722652795,-3.7182535431554844,-4.394908805504254,-3.4134861088142845,-2.893212251853542,-3.9004976492237935,-3.0336603028222164,-6.043949340872548,-4.322765724985641,-5.079988182315389,-6.009837749571284,-6.699752497132329,-4.0805036349451775,-5.093641396227637,-3.3057951313373444,-4.031261632886195,-4.861110829543675,-4.2921152386338886,-4.1328177882103585,-4.2651716798699555,-4.172568497085169,-3.696200227356416,-3.443258813588416,-6.397394671449714,-4.7719342163520455,-5.820229779707661,-6.0290524444061,-4.226423642210463,-3.970817952131814,-1.7760191867961057,-3.5576414217793833
-2.7836604152758526,-1.6531825774372046,-2.8632289406151465,-2.9562075151833187,-3.334145659656853,-2.353218257933417,-1.9478136039149165,-1.5999556840054554,-2.0408823564138174,-1.7173419906792515,-1.8647376308490387,-1.3288898550876114,-2.0873310439561146,-1.778968929402897,-2.355238243928027,-3.2724600837962527,-2.948186880284221,-2.77439369863211,-2.0725311905399217,-2.7316126034768,-2.1715263364239656,-2.9776080716434996,-2.9793171131845755,-4.0018869020041565,-2.5115225476087737,-1.645940786581675,-1.5411943075412275,-1.9215011763591319,-1.3615000574569414,-2.997064350274125,-1.5463039787352073,-1.760140551558411,-1.8919943480135084,-1.5519492329517681,-2.2820527858306465,-2.0720872156555226,-1.1470640686939415,-3.8626625870488764,-1.8371556089224927,-1.6414112461864487,-1.9643941733816128,-7.324571750429468,-7.2808721173933435,-7.686043706813961,-7.2983344038392985,-8.07554704877744,-7.958529620744036,-2.525237855938657,-8.166011993964696,-6.777967464432197,-7.478434290575855,-2.5070234360641925,-2.753983517009677,-3.471033691683015,-2.320581781694914,-2.921711125893543,-4.5978296133150804,-3.4627201577222255,-3.2735167468540656,-3.5903242103590993,-1.3537417767339261,-2.3450798498408756,-2.9916626680403136,-3.6268550313116723,-4.250157366598527,-4.055490500149562,-4.287676339059317,-3.504838588576393,-3.6524747691098924,-4.3801793623081045,-3.0978848508803285,-4.790082522562044,-3.3869816081525057,-2.951831237223724,-5.478725956149367,-4.377215345278618,-3.574788719103971,-5.427614155674271,-2.7370363051800055,-4.0828780327316405,-3.724658075330925,-3.5933708164631217,-4.323831424359168,-3.2674439218535296,-2.8838513836813067,-3.6179350617776693,-2.960482236538092,-5.863628441238852,-3.954902580822178,-4.82069541441467,-5.8334939039780345,-6.631190877097586,-3.827394128863499,-4.906616407187923,-3.1442452679946613,-3.7895217049974317,-4.7180903861243,-3.9765460514632425,-3.9753020526021743,-4.077687308949182,-3.989172527368984,-3.5211850446189286,-3.1804640061879166,-6.312430774213795,-4.477308283048844,-5.590893539442325,-5.914527148599262,-3.5578247889876042,-3.5383942516277775,-1.6420150404719005,-3.08219988932029
-2.394173142460965,-1.5395565472216435,-2.7074021465159954,-2.7145545380428673,-2.9649379443670028,-1.9607833524064684,-1.6568930212899153,-1.7699283269829813,-1.7732057644930808,-1.6776387247455065,-1.7388843327670649,-1.3989586111030003,-2.159868899724015,-1.4896227546057785,-2.130966766208876,-2.933554476781118,-2.4695628717925375,-2.3474017928551487,-1.7909688761223734,-2.1552574531414925,-1.9874226054903545,-2.5642273759891903,-2.5149852952190144,-3.7914120497435517,-2.0104113775856223,-1.2571549659330543,-1.1060413443416113,-1.5050487396554406,-1.1528481952109348,-2.646575050660685,-0.8047984081184857,-1.1908583930977827,-1.426557727320763,-1.3490117788346134,-1.4503151699069665,-1.8904512904378485,-1.2505295845907098,-3.7728048854892315,-1.5621710278086287,-1.410531699620959,-1.0178116281828369,-7.49043613561618,-7.42764343053005,-7.707462101690328,-7.263640530604948,-8.085263191335454,-7.955526272108103,-2.3905728870148484,-8.219151162511176,-6.462287832263981,-7.3807480624349,-2.212351520969333,-2.541251200876512,-3.0200856853503244,-2.313128952473915,-2.6117778160423493,-4.416271620369538,-3.1557716540726726,-3.034227003420823,-3.3250135902966726,-1.425821927452923,-2.0992699913311217,-2.684014985007097,-3.108234540703852,-3.8561471634713413,-3.8926505070927573,-3.526338516003768,-3.1589285879425626,-2.7182234972298986,-3.946528071157835,-2.9950051519517946,-4.216023817607854,-3.139431054999467,-2.9012325702783843,-5.205049934460548,-3.9882694789168096,-3.240833099926751,-5.135454639006344,-2.477827863933057,-3.948741722032171,-3.4623099674508184,-3.501446075422362,-4.18879088571015,-3.078235498454008,-2.8891778671375934,-3.3247697412179473,-2.8011793115443586,-5.614313988970768,-3.551037591685119,-4.471639421925427,-5.571546118679441,-6.505604595311408,-3.5357622977640037,-4.608779266232187,-2.9848508071121813,-3.489629728218441,-4.593805986689845,-3.5823967016523146,-3.799358444323989,-3.844234347694367,-3.7953674172347776,-3.266859050667698,-2.8030486363086067,-6.178796798810858,-4.084603082176714,-5.250900099056319,-5.746531531892182,-2.9559164823259736,-3.1322365771328777,-1.6621135710233021,-2.666534760177994
-2.0285774666575795,-1.6055155708497633,-2.7976900630219887,-2.6635327813021354,-2.7756983139030136,-1.6052324154067867,-1.556948195038025,-2.1967037741986895,-1.7435019738758781,-1.98170986480864,-1.7985006099454448,-1.5171229195617089,-2.408271512790036,-1.532266820476317,-1.9378190526106753,-2.6519823923526387,-2.1020042429852546,-2.0402332326006234,-1.590660409261056,-1.6835801202869016,-1.8731439502436396,-2.3127650984506967,-2.193596313285857,-3.6336125292566157,-1.6264265032808014,-1.1533731366450053,-1.0836757662472063,-1.252872333834909,-1.0402560437542074,-2.5470667664603273,-0.7802121452182699,-1.0681759251460616,-1.3510316488506822,-1.4446066080111601,-1.1986237087017773,-1.751641771989455,-1.5677763812930028,-3.7228571845893734,-1.6314459935619745,-1.4316701570840509,-0.8308025453094977,-7.554976682292687,-7.516160550660948,-7.714716637753338,-7.257982519885637,-8.05045635982397,-7.915706152091731,-2.0734902222269005,-8.190777012917358,-6.250784282062841,-7.2906368904243015,-2.447714086467342,-2.625765053658912,-2.747316018428478,-2.2372170486390304,-2.297688147424911,-4.3074186040221125,-2.7820852037411825,-2.769359027809886,-3.545789294302501,-1.791244596422084,-1.9110369816319916,-2.766632383409308,-2.652337987504204,-3.4556779018818338,-3.812611797918364,-2.8350422226897085,-3.2058660068342095,-2.739535402285809,-3.6253105156583527,-3.1582283081602083,-3.5746924762386714,-3.027124241381637,-3.0575366419006205,-4.890773359279801,-3.641452768950959,-2.88784817021989,-4.760005418782134,-2.518864781943809,-3.8253435637022366,-3.2661754090405446,-3.464337852696667,-3.9160863989355517,-2.75724847178612,-2.7728824940727943,-3.1909600304040495,-2.7965956184017986,-5.332727910611924,-3.306958187741489,-4.326236641719948,-5.239450700636571,-6.331266208655105,-3.1821983308393453,-4.125332694775483,-3.1510618201864493,-3.194592352738005,-4.522027782914607,-3.3954548505011486,-3.526397924844862,-3.5148893983970013,-3.6286569931167243,-2.9740944912753418,-2.615568096870682,-5.9999092892091745,-3.7077465251238046,-4.847431523931788,-5.562986157493815,-2.5063316741204873,-2.7589008518228066,-1.8347585106821103,-2.346852694018252
-1.9702685307692962,-1.5419919538838969,-2.7780352872588536,-2.5482501561766577,-2.659328401886072,-1.5684786314140096,-1.2494274560045835,-2.468758239383354,-1.5428676712148868,-2.0308286428060858,-2.0244024305872004,-1.9772842800496506,-2.808121850105578,-1.735494430088898,-1.8046127641407423,-2.4582146984599387,-1.8935399388211114,-1.881477627242664,-1.5114269522085892,-1.3880540776175827,-1.8726268562134942,-2.279288147605318,-2.0771359330754304,-3.544950346605571,-1.4236107699965728,-1.102267346887899,-1.0492066458261189,-1.110686518759681,-0.8982507477303775,-2.434994419551041,-0.754789620106555,-1.0019495415066841,-1.2933813706101471,-1.8484163045440438,-1.113117538378617,-1.6436274996448124,-1.8313462547098296,-3.717242459971449,-2.0789671073331113,-1.5573720976375076,-1.6051122681662835,-7.705814128223838,-7.637355189134285,-7.839165132330201,-7.402730885282712,-8.0347591581653,-7.898111988325005,-1.3122011981946982,-8.10797149589318,-6.525482364311662,-7.344669200828781,-3.33995038977674,-3.0073176983559233,-2.390728385414027,-2.1363078821459207,-1.9744136241325398,-4.2913074706790715,-2.3298343638739336,-2.465369793436595,-4.183435896038241,-2.4385939619290316,-1.7982695174958385,-3.2566192292161356,-2.3852841743286715,-3.075950538527809,-3.791125606731542,-2.274176478170268,-3.6939107752874363,-2.970585922396442,-3.4772742011240005,-3.2246547480477488,-3.0166209873011334,-2.9508261233638646,-3.1458707565953064,-4.578438033334643,-3.370520720909874,-2.6719616991689006,-4.400487231688469,-2.531559377440075,-3.7034316732903267,-3.1013051691535933,-3.4204699404129126,-3.679033910765116,-2.5300457777073557,-2.680116208411973,-3.1340177227932036,-2.741904649282408,-5.074580051229104,-3.1179261310121564,-4.225933893688076,-4.937108828907762,-6.138762176907327,-2.926491797050151,-3.767084998616496,-3.2277405181308363,-2.9677652638194694,-4.490629034688704,-3.281200002707799,-3.303273779711238,-3.301954339280842,-3.526780728300845,-2.782195546451095,-2.513685656464867,-5.803983143608016,-3.34569092916491,-4.501059562561418,-5.373141456571929,-2.3290286904075193,-2.60398122145114,-1.9311399851420958,-2.1654718820220458
-1.8852524517875522,-1.554588740105194,-2.6175046980034598,-2.3926116359384766,-2.508886499626096,-1.612966318430312,-1.2527457927700847,-2.5195305762039646,-1.4189906124085245,-1.9064827804705433,-2.39375315931051,-2.068609318162907,-2.4649443694647553,-1.672058211922306,-1.7690787363665572,-2.388495872756648,-1.8815036899430178,-1.8915463521383715,-1.5965834487616448,-1.3438679385101095,-2.0278398716075934,-2.4882857636737667,-2.191497458999831,-3.5417082731400127,-1.4560882531526416,-1.1264636978868143,-1.0404112915559234,-1.097601429058303,-0.7698554546904919,-2.307707181531213,-0.769024555588201,-1.0239581833635405,-1.278513066470308,-1.755622022442149,-1.2243016706584473,-1.554774021871872,-1.9134935946168607,-3.4472966972122387,-2.139219029077896,-1.666109398986409,-1.556046263858722,-7.791589733407366,-7.7138706429737205,-7.9259417418981,-7.606128794417476,-8.011566634659209,-7.86226813695063,-0.890657647421497,-7.982832000263836,-7.197219197271323,-7.614739692286825,-3.369812958725146,-2.1148862540709583,-2.4476694366434635,-2.0855388721691837,-1.6465787859311656,-3.6797495115757317,-1.9471230292731059,-2.6640267368334665,-4.355204637420352,-3.2836225915850683,-1.7789390820811464,-2.925179740683989,-2.4447464775516163,-3.3077339703469564,-3.7895078401289006,-1.925957913917637,-4.581892454576207,-3.303032977472004,-3.5389453201073895,-3.1952545852058725,-2.6105279712254914,-2.908558828451631,-3.169185338678332,-4.268251061546422,-3.18846687360281,-2.615304387113428,-4.065653947163464,-2.5207281564264115,-3.589301270894711,-2.9661712604898223,-3.3566910578333937,-3.503247786565056,-2.4166542048115884,-2.6224247834107173,-3.163414392029103,-2.633688970732821,-4.852688971163803,-3.0039970072627855,-4.186675962445852,-4.676020818815372,-5.926935973785801,-2.8081990875414538,-3.6063858130559887,-3.258049543939861,-2.823250271582112,-4.510082822491162,-3.2513815309196077,-3.1459509649508006,-3.240251055631994,-3.496590836246472,-2.727762390893039,-2.4969213182243593,-5.589297043144,-3.0070765670021524,-4.2400811422637625,-5.175733951113449,-2.54366828843841,-2.7287374689981667,-1.9739901116890732,-2.155868131867875
-1.7455162002675837,-1.5690191966057312,-2.2744659868891333,-2.1701902611441626,-2.3103187939003007,-1.7296977405331875,-1.5492181135873362,-2.3475011728040447,-1.3294303031186243,-1.563156017845342,-2.915044884501517,-2.1445872634410255,-2.530302243266419,-1.4229692727255396,-1.8682974503884886,-2.4755662606653717,-2.0685107311476463,-2.06142680312705,-1.8770204081513029,-1.5829669159939088,-2.3595550968384043,-2.911989716499667,-2.5102310799120544,-3.636035899410851,-1.7306586970485252,-1.2545487030990496,-1.1236905227857235,-1.2197987317042567,-0.7537333373319104,-2.162203559195217,-0.8879358716742676,-1.1849868353368256,-1.3357048291218205,-1.6210822259665465,-1.2028618347382478,-1.4926941558651778,-1.7534706266204125,-3.8802897010356894,-2.585047971346775,-1.6924393564683216,-1.5217959663351228,-7.469510978329909,-7.48056343908423,-7.53322600263567,-7.384708589285987,-7.623547546125695,-7.473872412763557,-1.1144998550276433,-7.598850029275869,-7.302000737755819,-7.445264281577042,-3.2708842200347727,-1.9680162578257194,-2.2224999978245488,-2.1973818789329083,-1.4392672846277732,-3.7345903085051435,-1.8369834219115702,-2.1745277354061,-4.409189888462697,-2.620912745997453,-1.8659649035441497,-3.1006767286661465,-2.9045144985462295,-3.3721252283151855,-3.7528633664057325,-1.8584658347299385,-4.627580097071026,-1.583857456328292,-3.8056897104243412,-3.0619156583953764,-2.441275916978097,-2.8992295471435545,-3.125759800268872,-3.960275591689555,-3.099222355107935,-2.716053003200225,-3.767602352827206,-2.4925024952592274,-3.4919661739113455,-2.858856895309488,-3.2562160462942917,-3.421521324732393,-2.42987686914581,-2.6153111305493937,-3.2828999351359216,-2.46841155095921,-4.683389472462836,-2.985730173838533,-4.223283398296899,-4.469605688335134,-5.694553728801117,-2.8605352163178646,-3.7044974335512895,-3.287490838601783,-2.7769800880179374,-4.587920790153816,-3.309672356597539,-3.07086885324236,-3.3508042555630873,-3.5421609906285365,-2.837966459336239,-2.5594595198679593,-5.353853727004044,-2.7053467240827316,-4.096019160567309,-4.969099298068432,-2.649754174742134,-2.341846853534136,-1.9800015872008525,-2.157536061674154
-1.5812454235772249,-1.593239981609628,-1.946954551930723,-1.9369702883655773,-2.103519740342543,-1.7223683280344197,-1.6746232008580006,-2.1309338488746836,-1.2335229670930636,-1.2944960814270583,-3.6189636816422937,-1.8835572546314727,-2.486060767562805,-1.1364499877174283,-1.9540725336520839,-2.508070181005717,-2.1955405849143053,-2.159001063739057,-2.028161877165568,-1.7500199841556352,-2.481138289068191,-3.1361660621105867,-2.6843532703566813,-3.7000814283529837,-1.934787084505124,-1.511401853165376,-1.3844482748947453,-1.4695576237364538,-1.025549930644556,-1.9958541131526197,-1.1908305240372077,-1.5291842496418881,-1.4953065967537678,-1.451531917854677,-1.3921114578339153,-1.516194244015713,-1.6139767550589046,-3.7484371022080394,-2.7507044582980917,-1.385669114124466,-1.5395213853382492,-6.754138103314818,-7.038816939320087,-6.7163679669927285,-6.826376486108143,-6.8857409489104375,-6.7539900469572665,-1.6455507723695613,-6.952748903448021,-7.119481833083304,-6.959667796543825,-3.3463201816731427,-1.784375196661041,-2.0190847316793206,-2.5260528642130127,-1.452412231998266,-3.768544558404899,-3.185788471822464,-2.0629983292662035,-3.7917856482709653,-1.990122531632411,-2.064189568821496,-2.992793236212457,-3.1540394825393743,-3.205605177359949,-3.6118130712034784,-2.072754342134493,-3.984324598586354,-1.2849328686648993,-4.245666087825032,-2.910366667460898,-2.501523245657508,-2.7849663469385426,-2.9776863351264935,-3.749897176716922,-2.9287449170204827,-2.6498234459824155,-3.454944363324835,-2.431324494021281,-3.348037878777948,-2.838707153531527,-3.079895297144115,-3.3031938277496997,-2.395588567223701,-2.5849971109051784,-3.3680718582708242,-2.3460477035768186,-4.505601927999087,-2.977206018488904,-4.144218276112519,-4.288712691096333,-5.42881347694859,-3.031108982164391,-3.7087709157319044,-3.1520623200116935,-2.68966929511128,-4.635296741595243,-3.3346348686600225,-3.130531700910156,-3.405959236109923,-3.572437160831087,-2.9126239382938093,-2.559397145539331,-5.092472396652867,-2.7044929170400787,-3.899377035808352,-4.73200587681279,-2.692503487621131,-2.267105349044017,-1.9647258081750572,-2.1744983787747185
-1.3859315652117405,-1.611025501652338,-1.631398989195731,-1.6769954722360956,-1.8775195688437258,-1.6017105974288983,-1.649030970062059,-1.8640767152956805,-1.1331146002323025,-1.1112261247230129,-4.555578630819808,-1.7776479828208953,-2.4595866870431675,-1.022170654232107,-2.0199499096564417,-2.497519434458758,-2.261443771217814,-2.2005426595661053,-2.0874125617483767,-1.8523611930033357,-2.401318836747063,-3.194201854971145,-2.7353827754581017,-3.7401677998373595,-2.064996099952753,-1.4953923056181622,-1.604738757074765,-1.3813426004280165,-1.2547136465179376,-2.6260542174416694,-1.174336521019366,-1.414815024320762,-1.428931710529051,-1.0971043985594082,-1.3463004849645857,-1.7669767416115927,-1.9714268010878093,-3.282986248637918,-2.1444400832620962,-1.132644478868661,-1.53313427725373,-5.722646290261238,-6.654384231456348,-5.573750624922518,-6.116511516858913,-5.893168236266593,-5.8464223026981665,-2.2241303623797997,-6.135409283310157,-6.870936060332788,-6.3731673781124405,-2.893388127043505,-1.848834424376014,-1.9852433673675416,-2.394583116622382,-1.8694525412843308,-3.036442896119167,-3.0842229011020104,-2.3387637403692305,-3.4323374613304494,-1.8319627356414399,-2.254450332990599,-2.8833741643106205,-3.295449743362214,-3.1561841506679977,-3.507890780930276,-2.3845387380502707,-3.735112982327142,-5.063360991707189,-4.720193122576283,-2.7449161349589515,-2.796622225596286,-2.5636763253626778,-2.703054110793525,-3.6645723733282205,-2.6270816065771467,-2.3818796602142753,-3.111091623059189,-2.3469061473248063,-3.1560347032794804,-2.9280554242480954,-2.798441842552565,-3.1526706690320063,-2.311237297584022,-2.5485335174335986,-3.4299075288786,-2.3193804563604874,-4.31899642870386,-2.98495759249943,-3.9277857090876473,-4.1428953469033525,-5.120705168335335,-3.326873328545507,-3.632831110288517,-2.865677936320665,-2.57032817310213,-4.6519760166363024,-3.3292513019637213,-3.32437168828683,-3.408893857643227,-3.5975460891422077,-2.971129710069946,-2.4908383449382088,-4.7974157543853035,-3.024745425862357,-3.6299333806180645,-4.454176755662052,-2.6853445879750213,-2.707720706858509,-1.9460894362052554,-2.191616940179153
-1.147669304942875,-1.601365161110062,-1.3153148781691797,-1.360773456282256,-1.6131142688348523,-1.367826853612256,-1.4625725763839086,-1.5366305075937425,-1.0376987015213648,-1.012230228681019,-5.677641294023881,-1.9578645726819863,-2.369790280962955,-0.988401540726292,-2.0580609526730096,-2.4562848801131096,-2.2606327496782246,-2.2076577289236203,-2.08071182085048,-1.8930794296791364,-2.0862154230348873,-3.0888395267224102,-2.6686181618453753,-3.761826174389701,-2.112019089645442,-1.2784199189805905,-1.5142032659549864,-1.28011032255126,-1.0098223034794938,-3.150016841707913,-0.938665256946377,-1.3119807714927922,-1.22709914366927,-0.9600090118914074,-1.3549724128817116,-1.697929811826447,-1.4157204453325485,-3.1622836719891425,-1.7442341072905267,-1.104092008096299,-1.4284648258888561,-5.546648533592409,-7.077380279146749,-5.91880351748395,-6.259148122342007,-5.900219837397441,-6.103705916263206,-2.06702389870468,-5.977173698319856,-6.985377825652969,-6.487269835402339,-2.9955834936860586,-1.6178870442993787,-1.6614916196528888,-2.3477752463343093,-2.8401899298137963,-2.7792389107516686,-3.7478122628436372,-2.189281606671842,-3.260100991079456,-2.142970606206241,-2.4367552541631126,-3.097053089391156,-3.3950672797289285,-3.2356871239206253,-3.4523301250999894,-2.6971464192486936,-3.3261545823065273,-8.727239217065172,-5.218245307760582,-2.6575321512549936,-2.957668400828047,-2.309725598278879,-2.4959510272806313,-3.5306806547357206,-2.569736478390567,-2.1565757649414437,-2.940771297509936,-2.2528513575804654,-3.0697148267099057,-2.920691684919929,-2.7298332722802843,-3.1012258937915296,-2.325613437919768,-2.3867906514502932,-3.298756261168017,-2.392575334690931,-4.032242514635764,-2.965291000466088,-3.676861222358701,-3.933249652573966,-4.732979877157007,-3.456221868528149,-3.517522054494118,-2.5611469019273687,-2.4901198279127317,-4.53412448847031,-3.336668981824974,-3.3636596020347915,-3.381063088931309,-3.5103170239918504,-3.0066152496422287,-2.4459996286399863,-4.41598759709615,-3.1602867266907286,-3.2887214303759036,-4.109799945922832,-2.8671767202785525,-2.66613206659061,-1.9460947555617383,-2.2063238730377512
-1.430963421558913,-1.3628981774039968,-1.2059365847504115,-1.5129764115205293,-1.5094653207802324,-1.3889731166562052,-1.3206986271224155,-1.714999705225147,-0.8995334745245304,-0.8527528771856594,-4.128630339242464,-1.6369094633719172,-2.368936614343564,-0.98854749386021,-2.0602485998238214,-2.4022947809823623,-2.1815300606633587,-2.2136022460720506,-2.028623452715013,-1.8739735218169036,-1.4972211128576625,-2.793829692554244,-2.4774142853082406,-3.7701192446892255,-2.069467835227474,-1.012837378618958,-1.3921626807794347,-1.2416784024597627,-0.8355395684083481,-2.946065256756541,-0.37103549104021444,-1.0535622534720843,-1.0064920148102934,-0.5081134115710348,-1.232038477039763,-1.6622448602605941,-1.6770382098099224,-3.046953356945356,-1.4224855769917226,-1.1574180129564844,-1.391216872052441,-6.975363306091162,-7.6579827785576935,-7.0557921934588235,-7.291788271613293,-6.948051623864095,-7.186676721707476,-1.8526239589018938,-6.815801369276903,-7.579453266199686,-7.368293284588963,-2.849201769474325,-1.4454498634128796,-1.8845987530421826,-1.7730117636725056,-4.433639787728311,-2.7921045878262514,-4.810601023907498,-2.129733520984299,-2.9830423227857694,-2.691608968325382,-2.611020949602165,-3.0453908494326827,-3.3518599389911152,-3.2429753457414403,-3.4595161651338913,-2.3500073356203157,-3.4440335975600713,-11.275881416765557,-5.732101893805811,-2.6788080427113714,-3.0099054108004135,-2.0570485777768828,-2.361769092172717,-3.3279210564294703,-2.805364465252137,-2.054338456455956,-2.9741131149087403,-2.163230915023383,-3.1183933089383093,-2.8350503483092515,-2.9359211871585393,-3.1787915620585308,-2.4708327683235805,-2.09919761286689,-2.9426562585088574,-2.616606337590808,-3.5995787796095877,-2.9282407198159754,-3.3731727071297284,-3.635020026348256,-4.217514771970454,-3.4500732206120732,-3.392376682384288,-2.3643769599376023,-2.5084207516556547,-4.254518391248704,-3.3569066528579765,-3.251081839660952,-3.345515479473435,-3.301005376371592,-3.041231056885055,-2.4699362276111816,-3.9005164071659815,-3.1350365458206815,-2.841179166966675,-3.661349610565696,-3.0918247139823687,-2.4628297113961573,-1.9460799042491863,-2.2103724963154012
-1.7039038641346924,-1.132429680019307,-1.1013693984203847,-1.6413566915277924,-1.4005731026524844,-1.4189298076263877,-1.1992299277488252,-1.8551293685031889,-0.7530891616282487,-0.6959874086869055,-2.789978413428107,-1.4133444180390675,-2.3497516865098094,-0.8774681945374855,-2.015255362047694,-2.3710604673772564,-2.0046044996660526,-2.270530266977434,-1.9473857544167894,-1.7995067559788955,-0.5449491981290205,-2.2322388842517027,-2.1438527663123526,-3.7701199666819916,-1.923055610391917,-1.0957179416590372,-1.5164095739906553,-1.462673764972358,-0.7544731248319568,-2.9815621812404647,-0.3938834561530077,-1.2307199831114057,-1.1476123065367354,-0.273585833047288,-0.813165570108839,-1.2753871483628283,-1.8495045698387138,-2.4621507468648063,-1.1503659448927275,-1.2248313914114846,-0.9993924350181721,-7.795409715751496,-7.97409414242237,-7.859634459226558,-7.777323788344843,-7.711481068036,-7.826937169054257,-1.7154576188238049,-7.446306115780952,-7.865455482436946,-7.904950887002906,-2.8218707197476545,-1.4649390561102682,-2.1532708299196814,-1.4320020842777685,-3.6957978005183034,-2.779079877925454,-4.0086334850439425,-2.254524025706671,-2.54656295382197,-2.3300986919708695,-2.7769533849017733,-3.1161118776850008,-3.184419841431894,-3.3208251803423785,-3.540068143869814,-2.0615797072101283,-3.3226734403316964,-12.331276260101264,-6.257419842370086,-2.8323694023509054,-2.9654627994750324,-1.870265432707024,-2.293221228510898,-3.023262962695063,-3.3024741010151444,-2.1781234239590863,-3.2053802734369947,-2.0977279025859166,-3.316171772287301,-2.68761964801445,-3.408827046891294,-3.4014765075572395,-2.76274363824227,-1.6775007912892967,-2.2581067714393903,-3.0164806392697265,-2.9215253598772843,-2.88653536180959,-2.9852589217263716,-3.2032286872457165,-3.4699365164245544,-3.321981781096439,-3.3035205656791913,-2.542498545894978,-2.704942276307678,-3.746358645408242,-3.3922036372988345,-2.9651982890725583,-3.328812794768599,-2.9401841790758567,-3.098590616919252,-2.6107554571727722,-3.1472436108173403,-2.929063618130325,-2.218269225193093,-3.0331131702621335,-3.1997816256916263,-2.407000394360026,-1.946072807635944,-2.19478880736835
-1.454067484251876,-1.0849790459084092,-1.182766533512385,-1.4671473113251063,-1.2287337064495838,-1.442351315984781,-1.1698248745287267,-1.3384815589051127,-0.4019633717122884,-0.5690522594039958,-2.472136598071209,-0.8833971714567215,-2.362600762801226,-1.0625815403790553,-2.0858587400447757,-2.799273396350973,-2.1453529550012016,-2.2840076213639824,-2.288837025267958,-2.353153563074376,-0.6883014428084487,-2.2925458651787753,-2.2110361234669385,-3.7701197081602196,-2.4142261176084507,-1.178662181374912,-1.5328726819661525,-1.4505701131305315,-0.8652379382450519,-3.077532420504645,-0.6787742988131924,-1.5421108889629944,-1.2760967724212888,-0.3599651588266468,-0.7010698403823296,-1.1320288302437254,-1.7147924284342158,-2.53392970938711,-0.8890079689111748,-1.251596782245611,-0.8011734763276585,-7.766599142420671,-7.61923228471022,-7.751300820890643,-7.496688850810678,-7.564971423479818,-7.636954198521715,-1.885220683532173,-7.2976764181957146,-7.5643345444977355,-7.669354400145988,-2.7745886256241383,-1.4215239012135796,-1.7847167419457508,-1.6810143743529966,-2.496275935041945,-2.6541386096197814,-3.8206971876419598,-2.091713376553153,-2.781721619245248,-1.9717475201808492,-2.883882463320713,-3.1845319706604625,-2.9653937712851524,-3.3416518435821554,-3.3735378352024177,-2.007728608635142,-3.24707081102429,-13.177311551563365,-6.120283460450075,-2.951349304112794,-3.2150533094171028,-2.167783620162036,-2.1739750678487866,-2.836829489926545,-3.037839282149274,-2.3204748612228707,-3.2520398329752944,-2.5167115145919325,-3.134868188239547,-2.7253430391560225,-3.558406393544022,-3.063816027673645,-2.688121978807999,-2.0239173241516624,-2.492081262093921,-2.7942582733184596,-2.6809770756869162,-2.5583281943281886,-3.0011534783467835,-3.080545662293262,-3.5277156837872488,-3.2101991315095373,-3.778089165133392,-2.7426531096670548,-2.4773112442879768,-3.4989742003912916,-3.099217536904529,-3.2463293658369285,-3.0594755362113464,-2.834397667054875,-2.5821304858077903,-2.8622399189628496,-3.388025826181637,-3.595190401129823,-2.1943752082502668,-3.1454541876764313,-3.084987862097542,-2.6801897707899833,-1.946072392054825,-2.0264256863565575
-1.619106359243215,-0.8787597739903685,-1.1277587784117076,-1.2482713856728183,-1.222874379572865,-1.1877396793146346,-1.2426756458257298,-1.2974141100915186,-0.23079335140259652,-0.4316027089536531,-2.3049206053996363,-1.0867442557852738,-2.3422483516680197,-1.183005585981853,-2.1940517249602856,-2.9682059291902227,-2.273854607755687,-2.2717740052595654,-2.7074112012350304,-2.4242636908828965,-1.0831349567359918,-2.3470101237114993,-2.468397365819992,-3.770120369123339,-2.095270267170431,-1.128173500655497,-1.464523031870732,-1.4764516287753675,-0.9801702625186662,-3.241599559385542,-1.0646712311200082,-1.69070075834851,-1.6187514254304698,-0.5473045163042083,-0.7069372777104977,-1.2405167268906108,-1.6511699435202796,-2.517928946483839,-1.1331608977678438,-1.5553773200395709,-0.8991592984982366,-7.232047809950619,-6.701681587522629,-6.9840065975892385,-6.665999704967412,-6.797719037025853,-6.85562861682923,-2.024340568603571,-6.676549022405522,-6.756096657720599,-6.829611215892397,-2.5866961771477834,-2.144806399234916,-2.4142074096963015,-1.8563530518961535,-3.0407550777015073,-2.515085241773496,-4.102426091932793,-2.140282177076827,-2.7888200974095723,-1.982256904848283,-2.6001989248428212,-3.186723517379602,-2.866791490212521,-3.3224867608303916,-2.753214617190746,-2.1075611004580157,-3.3322257273617817,-12.476873042692695,-5.672031361549364,-2.873010744004413,-3.0865466153548837,-1.5127971146841783,-2.5280335832159504,-2.6791322530727038,-3.119493052753086,-3.338386773943448,-3.0145647115288043,-2.4992999960291034,-3.102116756824936,-3.016155531379395,-3.552285292117865,-3.725840418472168,-3.0860358511560455,-2.2841855634366586,-2.4704226844973696,-3.132220103370607,-2.876756700444097,-3.06160134062835,-3.000952561754212,-2.949396000554613,-3.8118756693261804,-3.755875971534893,-3.853795107431001,-3.0025171750657624,-2.889336211577262,-3.8587615879124946,-3.3726473237901047,-3.9928382701539724,-3.596868840687064,-3.2081106860864375,-3.8860876952028063,-2.994527587188313,-3.554312383884474,-3.0351448537384336,-2.3794023768073704,-3.67452449207265,-3.0965928880607296,-3.0766026094906853,-1.9460869911791787,-2.1794437068594417
-1.3377269907337002,-1.0757082629744643,-1.2302034708714662,-1.385369017455058,-1.1903522038921819,-1.3913386337087654,-1.3855782222863804,-1.6152449199055512,-0.5540071554420225,-0.6947522249957176,-2.202070162213262,-1.0434634038223698,-2.2373656489965135,-2.3255692123212537,-2.5009807735216993,-3.5029495272200144,-2.7661449152219504,-2.708350714627999,-3.2201545920526606,-2.8156569834157494,-1.6526545208736176,-2.872688168240349,-3.012997705838556,-3.77011993283829,-2.551342751863939,-1.1281809917354513,-1.4645204063629544,-1.4764495941017766,-0.9802064667593485,-3.2416382812641005,-1.0646853375407481,-1.6906971724684456,-1.61874033066237,-1.1805340771095958,-1.073992086887629,-1.4038523066987771,-1.693536291629987,-2.6915770860074644,-1.456322000041161,-1.622768430931945,-1.1470080960604319,-6.530633585286224,-5.456197672172089,-5.7942285223081305,-5.695140053922227,-5.695938703359006,-5.733725564206142,-2.406454460367574,-5.998313246830303,-5.552168384116409,-5.527988254260372,-2.46123645601781,-1.6694815940269963,-2.6166852603967223,-1.8882906208630084,-2.591311784490922,-2.515122061321406,-3.9347738288446403,-2.50944766401957,-2.762085616568114,-2.511603543634585,-2.657591978276909,-3.31540638875544,-2.9311825346290146,-3.320902379367839,-2.7094372895092094,-2.081328879474476,-3.197298054608943,-9.375148704556462,-4.0981527347872015,-2.485957948631436,-3.0003839542131527,-1.08367709490977,-2.8050613777687614,-2.9631287303567286,-2.9281269597991093,-2.88582744528318,-3.111223429119834,-2.540100373927157,-1.9901195491149508,-3.0389930320817227,-3.0005754567543086,-4.119186400728282,-2.4124999116908805,-2.3300649562123272,-2.606624740654847,-2.2067857904939614,-3.4119358403515987,-3.989435251640365,-3.072040413996932,-3.187702042630092,-4.371575430340288,-4.0835311699086345,-4.451763441159487,-3.3258491249347975,-3.316764960377833,-3.5029576936493756,-3.737119600140263,-4.1175470360255995,-3.2635345251449714,-3.6847293548935562,-3.574520799293501,-2.3100063030740685,-4.182782900878445,-3.0781833974806148,-2.290008250557685,-3.5905851305229275,-3.1508947648144825,-3.1432464419342265,-1.9460870595772866,-2.1333870652509743
-1.3376842506506739,-1.0758950467646107,-1.2301845427775961,-1.3853731707738424,-1.190363405751139,-1.3913401566379457,-1.385580218551543,-1.6151733363719594,-0.5540047501847286,-0.6947376208464519,-2.203153340274406,-1.0434739961544803,-2.237564062300586,-2.3255737304367354,-2.500990565074319,-3.5029463354389088,-2.7661459875606806,-2.7071455275387564,-3.2200944649830463,-2.8156567152526493,-1.6526632444669962,-2.872621628952303,-3.012613853134594,-3.770117946479927,-2.5514008146412412,-1.128186779469576,-1.4645140937778043,-1.4764449100905912,-0.9802495852449784,-3.2417515966665897,-1.0646824224102778,-1.6906997463612494,-1.6187388153422133,-1.1805441045449643,-1.0739515934102768,-1.4038069157929207,-1.6935387718423751,-2.689138837086682,-1.456323095713206,-1.62277522454179,-1.147019717994537,-6.5307386852279645,-5.455232417480989,-5.7947040706145945,-5.695034382377955,-5.695894622162639,-5.728312883060864,-2.404197667130793,-5.99876310516889,-5.553034751782116,-5.531839747114532,-2.4585276494068156,-1.66935599283227,-2.6166846599133624,-1.8882687442486699,-2.591427927808135,-2.5151616174937823,-3.928957418570061,-2.5094171703892014,-2.76209963219541,-2.5115640127063568,-2.65751474352258,-3.3153975905018873,-2.931164053365411,-3.3209064989934025,-2.7097340081279206,-2.0813232192924835,-3.1960003903455014,-8.462633577964667,-4.098062098859221,-2.4859553834121577,-2.999977385337591,-1.083678687349814,-2.805205008759068,-2.963192627972281,-2.9281198919699665,-2.8858364397656633,-3.1112181591274273,-2.5401016529679166,-1.9901244464059806,-3.038997873504898,-3.0005436925793094,-4.1191931284409735,-2.4124971482421653,-2.330084444422237,-2.6066266286430158,-2.2067949953391435,-3.411923244569856,-3.9896947202547475,-3.072039734756216,-3.187683429667772,-4.371577466049772,-4.083523481167474,-4.452388219330008,-3.325841726533484,-3.31581517974503,-3.5029898659416983,-3.7378441545051864,-4.117538976934609,-3.2635525558125216,-3.6847282807030077,-3.574509956549013,-2.3100213934238742,-4.182774012091218,-3.0781487720085154,-2.2900120610301373,-3.5905696902215816,-3.1508014507244986,-3.1432451136071724,-1.946085470988378,-2.1333813557122654
-0.39895541783249905,-0.5769992349189862,-0.7383852651975378,0.19814836590879042,-1.2849085677293657,0.3736240615133581,-0.8325940062906436,-0.45899066006689226,-1.178866437825962,-1.5937112641090851,-2.06182665028114,-2.958561750924151,-0.8997853973341094,-1.8268522904057547,-1.169730921221966,-2.313706283259701,-0.8468818768277653,-2.9468727952998512,-2.4166892897247805,-2.3588154304455053,-3.673540210737338,-1.1841234810256713,-2.9265115835693445,-1.466337068793427,-0.43149335964061636,-1.5249668086623978,-1.1580816110850753,-0.9190692990233615,-0.4632078542471427,-1.3887742574406263,-1.4653392674386292,-1.20757751781557,-1.3161644762228046,-3.555007259182175,-1.628477931453567,-2.83220872772777,-3.3353257117208077,0.1376409598703833,-1.411777500002201,-1.5559219318176583,-1.2252283604086296,-0.34985199665539785,-1.7298200316672105,-1.936806340999203,-1.536822445015419,-1.7095578917022338,-1.3441687989242084,0.26387450118810396,-1.8617266894180826,-1.4476708791249446,-0.2760669496592157,-2.9507782544728127,-1.3358054754565785,-0.7199136462768141,-1.3292048131097842,-4.9304706466472314,0.1033647300900937,-4.3773500346885985,0.9610987308226927,-1.9672877703984584,0.2034891025519274,-0.3601851938604154,1.8320133976392419,0.47555798839169255,1.3667375308780223,-1.473435576083325,-0.15754968758291346,-2.537668500049349,-7.57625243230257,-0.2481035137951637,-0.5166178693889226,-0.0558527845721195,-0.5272877103568138,-1.9520503306940908,-0.19361025420893244,-0.7828624023499473,-1.0877596294670309,-0.30087205894976904,-0.8460862360171214,-0.6039515705808417,-0.620453557973658,-2.0656571429883335,-0.6227280465816021,-0.8966620860403571,0.49935455902715215,-0.24310335258328672,-1.5282110843172125,-0.659705536690307,-0.24113292752300589,-1.5382183124888509,0.7483343823579374,-0.7441033539943432,-2.192483043795609,-0.2585814342355148,-2.039481803086804,-2.5868005875371245,2.384945942955031,-0.29046465528661775,-1.7295837360439041,-1.1596314524227036,0.08641167454676849,-0.12235769834138908,-1.0503632276997625,2.239612348756504,0.22313319209961335,-0.6408531207751571,-1.012806100916758,0.26162484667457725,2.68976199451013,-1.466337068793427,-1.287272599347757
-0.39899162379051323,-0.5769424402085425,-0.7384151284443675,0.19813437044471857,-1.2849124882342595,0.37362481988159385,-0.8325962287804811,-0.4591242065027954,-1.1788553786521696,-1.593720011702386,-2.061751965445946,-3.1149278293131326,-0.9401530468146722,-2.0147513607405108,-1.169730891193175,-2.3137053337713103,-0.8468835502212713,-2.9474450095574394,-2.4165640834158033,-2.3588213689930235,-3.673539867656715,-1.1841300792204614,-2.926312037628267,-1.466337068793427,-0.43149733437271914,-1.5249752380370554,-1.158066391247819,-0.9190676673122624,-0.46314479657446606,-1.3886849358164377,-1.4653421569996883,-1.207586216099034,-1.3161601064006152,-3.656123790074465,-1.820092023543378,-2.8322280357664185,-3.3353245445255997,0.11726735776812919,-1.4982351568176409,-1.5559395417173396,-1.2916794500396045,-0.34969430381401273,-1.7292450713818879,-1.9333370368423985,-1.537780085019186,-1.7096879523938988,-1.355220353864456,0.2685309204607045,-1.8604099264146357,-1.4477605810606258,-0.2779029831937946,-2.9365310623978895,-1.349381050173945,-1.003396078255445,-1.3291523369289422,-4.93384035772042,0.11169302492057727,-4.376820122172782,0.8553860743540188,-1.9703166586502152,0.2032365712848818,-0.36013999067465324,1.7858195468393507,0.4755629310174431,1.2679014144070464,-1.473378908152204,-0.15753692469801853,-2.5553498813584357,-8.898603598059333,-0.247375362005492,-0.5166163777832194,-0.055823580408778294,-0.5272831614988827,-1.9521209952905818,-0.1937253342231033,-0.7828436792000996,-1.087724800671048,-0.3008703619930773,-0.8460863119757948,-0.6039461247952177,-0.6204761581186486,-2.0656378132519135,-0.622737227480003,-0.8966601972349656,0.4994491880835932,-0.2431037194048139,-1.528248790650769,-0.6596803405931196,-0.2411952685911426,-1.5382173952371865,0.7483384340034089,-0.7441059128878619,-2.1924774018298128,-0.2585472154937074,-2.0395073553747953,-2.5859642717071973,2.3849493342427075,-0.2915704263690883,-1.7295900675055371,-1.1596260199425914,0.08641652869380231,-0.12214954458110265,-1.050349612681849,2.2396170347906095,0.22294776457324555,-0.6408531298666124,-1.0128102665875907,0.2616250319070057,2.6897701845425033,-1.466337068793427,-1.2872603973285945
-0.3990151159209231,-0.5768105124488452,-0.7384395799325492,0.19813103371504312,-1.2849159521258904,0.37362905705665683,-0.8325973608706443,-0.4591690382636236,-1.1788541874564564,-1.5937256748614506,-2.0609008899498433,-3.405341585677529,-1.097000973368261,-2.229100143591023,-1.1697534690860265,-2.31370382608198,-0.8468853448130768,-2.9465372140656734,-2.416420465952247,-2.358830878991925,-3.6735473197287694,-1.184120364044898,-2.9261483071400622,-1.466337068793427,-0.4314937741856533,-1.5249824492820623,-1.1580533960380546,-0.9190718286132074,-0.4630870978642449,-1.3886337695584814,-1.4653330610605968,-1.2075858853112782,-1.3161546589095272,-3.7942189853979293,-1.8818344806359038,-2.832242695937038,-3.335311179481529,0.005741282517133323,-1.57234576033026,-1.5559591109109017,-1.4082834153935366,-0.3493382143181601,-1.7289591095396502,-1.9339739209610605,-1.536990678249143,-1.7092703874349242,-1.3676472085702291,0.27346149988546997,-1.859993085448389,-1.4486206969626743,-0.2742455864812771,-2.8129644307235577,-1.2617706930469677,-1.2572585533315308,-1.3291545345947795,-4.932988744024396,-0.012368929600929965,-4.375906406135842,0.7158374292549887,-1.9770054916005837,0.4035162461136078,-0.36001440779913513,1.69512226727942,0.4755687598134468,1.1621368484829866,-1.4734438427617715,-0.15754587674537987,-2.470995414810645,-8.03382349447619,-0.24629826609942762,-0.5166154117915751,-0.0557067643328888,-0.5272825614755009,-1.9519835633582223,-0.19401905310201004,-0.782823872505323,-1.087694099305915,-0.30087389029602085,-0.8460874191824467,-0.6039404079124118,-0.6204975786283081,-2.0655696413181728,-0.62274853693605,-0.8966623383911684,0.4995778656482215,-0.24310310578049943,-1.528256432941354,-0.6596400950853333,-0.24130859384480913,-1.5382182772266508,0.7483440380413355,-0.7441030914876957,-2.19247586077535,-0.2582284080721997,-2.039520162139841,-2.588222586617805,2.3849474965037794,-0.29200107801553843,-1.7295871063455834,-1.1596135055588022,0.08641168327558854,-0.12178911761068993,-1.050328369081657,2.2396636168558324,0.22263302097411586,-0.6408653587390479,-1.0128138064198002,0.2616171646388319,2.689758519031209,-1.466337068793427,-1.2872720933691222
-0.39895881684394674,-0.5767292209974053,-0.7384778414682154,0.1981269839988707,-1.28492641248653,0.37363339285723085,-0.8325984737977147,-0.45934928136265685,-1.1788491101815977,-1.5937207607142516,-2.0616503605711514,-3.6331637327031885,-1.275040902136029,-2.4994037290770557,-1.1697785836705903,-2.313705024432543,-0.846888121195576,-2.9467152997567334,-2.416403921713434,-2.3588398294458632,-3.6735507323787107,-1.184123526155477,-2.9260556128830513,-1.466337068793427,-0.4314925776334331,-1.524993746477412,-1.158023438504731,-0.9190616701038058,-0.46324835303593764,-1.3887482849431503,-1.465322850379348,-1.2075730385305805,-1.3161556930850928,-3.895063894309464,-1.9232543852804393,-2.8322516683936136,-3.335282828996471,0.0035396074696041092,-1.70826667084267,-1.6024382921041664,-1.5594301880665333,-0.3504468565525563,-1.7291892894157919,-1.9317755789221964,-1.537880000485442,-1.7093244200336972,-1.3780377407574502,0.2768010258682276,-1.8591323106350999,-1.447870505353988,-0.27998970846396815,-2.4311063864912694,-0.8496114959167611,-1.510025933102864,-1.3291736327389532,-4.932784105779737,-0.20496722031572626,-4.372536023412591,0.4880316452672392,-1.9796275044566976,0.6033044500453832,-0.3598992141002936,1.5819073038085247,0.4755840693760462,1.0203695796522467,-1.4733753308096014,-0.15754951800886713,-2.161693151240308,-8.440996283407273,-0.24516949779041183,-0.5166136003879823,-0.055660710494676316,-0.5272708863371036,-1.951506009210007,-0.19404692365067866,-0.7828137688074985,-1.0876417695685605,-0.3008774426316306,-0.8461000657419716,-0.6039302061878591,-0.6205040336556891,-2.065588699624553,-0.6227376288055292,-0.8966689379116051,0.49966293951149804,-0.24310438695384634,-1.5282580251753484,-0.6596625788106951,-0.24161166924290356,-1.5382187517873995,0.7483440413059587,-0.744105285231777,-2.192472479160527,-0.2579425337008676,-2.0394711425957284,-2.587885621774518,2.384983587906208,-0.2910234258843352,-1.7295819296643549,-1.1596320478577982,0.0863989090155704,-0.12140561160463341,-1.050315672828449,2.2397059228859835,0.2224110984625347,-0.6408985049743382,-1.0128126092581153,0.2615955882603829,2.663660676590892,-1.466337068793427,-1.2872992467058129
-0.39899039615641424,-0.5764491050454372,-0.7384985697374777,0.198125027398876,-1.284940757116102,0.3736405985772775,-0.8325974836603102,-0.45955335459637153,-1.178851791035604,-1.5937287075732003,-2.061442171976987,-3.858967318635049,-1.2899441936682272,-2.6497706621284522,-1.1698100134225653,-2.313698190839487,-0.8468891153807625,-2.9478256770735656,-2.4165411043948306,-2.3588457136553505,-3.6735579367282374,-1.1841932656933003,-2.9257620007325347,-1.466337068793427,-0.431469002825136,-1.5897098529066906,-1.179316531036827,-1.086254111655721,-0.38944064975123616,-1.132775423315758,-1.8350087614509143,-1.518315841853826,-1.5153566364146238,-4.007053553339107,-1.9602798730627404,-2.832284992356899,-3.335255485819599,0.09629068911075966,-1.6283081259364796,-1.6920652569335692,-1.6320787011104847,-0.3506204829991336,-1.7292261683081815,-1.9300159474977248,-1.539299209111744,-1.7099450924187658,-1.3823748098967699,0.2815675304111675,-1.8581343422475827,-1.448217873781439,-0.2959305904524181,-1.7203643374765518,-0.492279122218982,-1.4970155287017783,-1.3086275929820255,-4.929580148601278,-0.42650944703159854,-4.4017217430253,0.19930425425200282,-1.9873315267358613,0.6099719294689836,-0.36001631212345575,1.4616881809598112,0.475593046644147,0.9122559613227139,-1.4734629224218216,-0.07624378940184605,-1.7304084880376223,-3.175912286148389,-0.2447201123436441,-0.5166141978015063,-0.0555883284793148,-0.5272676527809577,-1.951003347428354,-0.19403223597841804,-0.7828458005171961,-1.0876222489814582,-0.30087966681259487,-0.8461130999276035,-0.6039342526943708,-0.6205272608037383,-2.0656530943984586,-0.6227503381862407,-0.8966694598087451,0.49973326356251346,-0.24310852793775176,-1.5282576494395803,-0.6596861815609204,-0.2422998383820798,-1.5382174031527696,0.7483411290221218,-0.7441089579136708,-2.192481136984354,-0.257226208842765,-2.039444301489498,-2.5861137120347006,2.385008599753513,-0.29039056709158323,-1.7295811896432258,-1.1596492515844312,0.08639302726330077,-0.12090403360658591,-1.0503098025946886,2.2397508026930053,0.22168258459422088,-0.6409419976207297,-1.012807165189084,0.2615781450031059,2.616794609872506,-1.466337068793427,-1.2873437619095864
-0.3990217118041451,-0.5762695846195957,-0.7385449852601049,0.19812093385116678,-1.2849545171802281,0.3736400976458491,-0.8325965938847968,-0.4595645080914604,-1.1788533399930399,-1.593725626124762,-2.0593475453968746,-4.065129728940407,-1.368745707169487,-2.5506577973988924,-1.169850726290436,-2.313703403649944,-0.8468932642236798,-2.948368607987363,-2.4166487334492204,-2.3588498376994345,-3.67355729322473,-1.1843507918796015,-2.925375884608352,-1.466337068793427,-0.4314225989606166,-1.9556104950236668,-1.2098991310963316,-1.4570199845135288,-0.4903628401923071,-1.2364828705755582,-2.324472247849799,-1.7400432662978795,-1.8021966410264676,-4.117162474528478,-1.8454596206762741,-2.928329336261082,-3.1092419346535505,-0.0031880972525742198,-1.6300026225425481,-1.7202643213372013,-1.7663195856060407,-0.3435308895849882,-1.7297907480173704,-1.9294435966626464,-1.5409668838990571,-1.710558817509515,-1.3857461080789435,0.28571019144348564,-1.8567152089441967,-1.4482313610755553,-0.3162794988558472,-1.184774068785837,-0.589047878144858,-1.3690166625305866,-1.0669687091449276,-4.926036271152584,-0.6338303449120268,-4.4321545853311886,-0.05999653377575784,-2.0029710689627325,0.5449344106249628,-0.36020291061373444,1.3030844731004407,0.4756039704562525,0.7820873923810617,-1.473376248306197,0.0050690012954823374,-0.9908249667369993,-2.90992862437611,-0.24432942731382468,-0.5166182195437445,-0.05552596410877829,-0.5272677480456232,-1.9504781465137604,-0.1941315923305532,-0.7828187280923341,-1.087618748563155,-0.3008756304049714,-0.8461223714025002,-0.6039486502635493,-0.6205666578594956,-2.0657923299773833,-0.6227545176060486,-0.8966667685425316,0.4996456761540039,-0.24310882154672556,-1.528291737097677,-0.6596773324605996,-0.24280191003528,-1.538216727039343,0.7483343928479307,-0.7441076719074673,-2.192488928518673,-0.2566342379866033,-2.0394471969858774,-2.58483520769582,2.3849857111590858,-0.29000334830080987,-1.7295870130074078,-1.1596519263051914,0.08639726573146288,-0.12040932171083926,-1.0503067298614772,2.2397840246012,0.22102242294887495,-0.6409939112895052,-1.0128009330500232,0.21088795793761686,2.5972869600411133,-1.466337068793427,-1.2874026392131634
-0.5527673969084648,-0.683328094340076,-0.8095708360255979,0.09375026715735672,-1.3237486827762435,0.08971423770624964,-0.9258947472023978,-0.42458194016374723,-1.157310130879906,-1.5894579947165293,-1.3989105641320259,-4.220695972542653,-1.5004867610728565,-2.1744199024173896,-1.1699018540486743,-2.313707938757269,-0.8468937348125284,-2.9495928340888966,-2.4166328063404996,-2.3588598025786065,-3.673559527650242,-1.1845303631555884,-2.925265599062776,-1.466337068793427,-0.43137240346365135,-2.2034276520652254,-1.458199692726123,-1.729267039453664,-0.683983366645135,-1.3640725999416847,-2.748861342066266,-2.0292750071672083,-1.9722985649549007,-4.048116745459292,-1.753388803221587,-3.0562506032932615,-2.8652817204413066,0.19419879855661018,-1.7177079649028342,-1.6727312207037786,-1.9519722809194389,-0.35282349036708366,-1.730434932609093,-1.932464166081458,-1.5447709880360638,-1.7130085019727208,-1.3669432286077412,0.2004612118906179,-1.8569570273488378,-1.4485074972521486,-0.3487081058160176,-0.8774832214325282,-0.9212515166162429,-1.8835393062113326,-1.0560240135822632,-4.961078960218256,-0.869687136207382,-4.468127559113624,-0.2912054198261245,-2.0288293337297594,0.2659620435592486,-0.3602577340775275,1.1153822545724776,0.4756253907186668,0.6200012532420578,-1.4733993879431335,0.0678130594423674,-0.46307577857621773,-7.570777126101488,-0.24319953425623617,-0.516622251659396,-0.05554535258088386,-0.5272552512507126,-1.9499723844968155,-0.19429083053320287,-0.7828178562184918,-1.0876054878254553,-0.30086302443740226,-0.8461183679119046,-0.6039514718620698,-0.6206083118788035,-2.0661100474102208,-0.6227794094240794,-0.8966709514406663,0.4995591875496441,-0.243104907943273,-1.5282856496205313,-0.6596600678988956,-0.24350828388076107,-1.538213349060272,0.7483275915378956,-0.7441108390791302,-2.192492401174408,-0.2560097675300886,-2.039461271004769,-2.5816993135779995,2.3849305171375974,-0.28933004267519113,-1.729578995277588,-1.159657311348074,0.08640331499252406,-0.12007579431160269,-1.050302713444843,2.239825111157469,0.22011770104699854,-0.641063846113492,-1.0127964136924763,0.3353833659247098,2.6245935260913993,-1.466337068793427,-1.2874382714651869
-0.7065733334117285,-0.790303931861939,-0.8805781405877057,-0.010609530670233944,-1.3625492810835294,-0.19420238182040497,-1.019196763599748,-0.38968971265852026,-1.1357661578753815,-1.5851884581175575,-0.9278638981770014,-4.366242120764079,-1.6952370385130333,-1.8234958922180966,-1.1699522087979644,-2.3137171238025203,-0.84690035971569,-2.9504015082991297,-2.4165654912353833,-2.358874033478988,-3.673563591335073,-1.1846842480315778,-2.9252388914052196,-1.466337068793427,-0.4313013448833332,-2.1123118619236543,-1.6702284782231565,-1.7889978189033504,-0.7139726147284212,-1.406863619361547,-2.884207875922809,-2.114083028342641,-1.869160836830079,-3.8410997014608697,-1.871387919201621,-3.174719014975692,-2.8273687651617663,0.2953388705611669,-1.9116370053937641,-1.4553203746120689,-2.121091300334037,-0.36973189321017996,-1.7315287258803673,-1.9318740988619407,-1.5479630711607528,-1.7167895319221358,-1.377506546667025,0.2617807304066763,-1.857524285930267,-1.4488799414454374,-0.3856704982208244,-0.7888832597560256,-1.2452262155525062,-2.734080663539073,-1.1857970034546397,-4.871148806581452,-1.2221545436772927,-4.476087390057969,-0.458409832205534,-2.065492886117543,0.07260162984319724,-0.36010846015376374,0.9699196993787862,0.47563168137014206,0.5280957285040478,-1.4734076280866153,0.08869132407447729,0.12711189210367813,-8.351600930358234,-0.24156403885118516,-0.5166197527774946,-0.05587381529351366,-0.5272478011954468,-1.949703467653966,-0.1943301223542525,-0.7828167077174552,-1.0875640297855784,-0.30084941845683444,-0.8461281744774002,-0.6039460340422453,-0.6206670534527928,-2.0663214213502568,-0.6227800587696946,-0.8966786648795343,0.4995966185283534,-0.2431089395341619,-1.5282898606733388,-0.6596105528637991,-0.24390331550199007,-1.5382101842467124,0.7483258693808711,-0.7441165082678705,-2.192490470225856,-0.2555822613077361,-2.0394615359382082,-2.5794647971819655,2.384888208954164,-0.2902991039087377,-1.7295672466594565,-1.1596559777958346,0.08640971008961498,-0.11977522544980619,-1.0502922279109659,2.2398475903898456,0.21952838977315153,-0.6411505490134388,-1.0128102067796307,0.37460019627971214,2.616086553477929,-1.466337068793427,-1.287473352580493
-0.6417910390397472,-0.9160456011998293,-1.0181721645372932,-0.17918680317503974,-1.4527189495224095,-0.2692100677237475,-0.8943049494954913,-0.6620832769519083,-1.2956977688657474,-1.6115467197483697,-0.6483378016938058,-4.4825366906897255,-1.9156928254181804,-1.488897573924962,-1.2878069550003082,-2.008800409021823,-0.945921062285216,-2.9065274990883543,-2.516717688400085,-2.2706594148504626,-3.7153857456994595,-1.0590365954341436,-2.8772967399559386,-1.466337068793427,-0.6677015209214605,-1.9330667590792527,-1.597010656985532,-1.6456907650809232,-0.6692804935359785,-1.4066094430133058,-2.513783959499682,-2.0201840478102677,-1.653646812491018,-3.7378439181034633,-1.8126456957082708,-3.245694881531195,-2.744423518573242,0.22079905438956232,-2.0522157038913003,-1.2164404341067176,-2.1808942383342393,-0.3898378967200603,-1.73213537956692,-1.9298477122643793,-1.5509943255168372,-1.7210079689998312,-1.381575710770775,0.1991702114609743,-1.8570851254799756,-1.449198643424619,-0.4203529303752545,-0.8156883885272188,-1.3702839373834872,-2.0531676131912042,-1.2919614115736078,-4.783552087440761,-1.5961904208974658,-4.48089075363356,-0.5383244091340661,-2.100392355751624,-0.12099138623075148,-0.39889445575987914,0.8290712651518481,0.38151507255721373,0.5449455459659007,-1.4733655657738611,-0.007285218480072066,0.4762347711033796,-11.547390654074594,-0.2386331829046343,-0.623357996354196,-0.07903434752512772,-0.5489202069951465,-2.164995373680316,-0.3383245915270389,-0.9573823652456488,-1.3231892420429165,-0.3687134089788846,-0.894877799069907,-0.7756881532995626,-0.45075806276991287,-2.084904099857609,-0.8264279170901602,-0.8017202091715626,0.5809977357386271,-0.31803144852331344,-1.4725765559119814,-0.699556065344816,0.007140196895899049,-1.5483726497545833,0.6976393670464778,-0.8119189105780009,-2.164784971477829,-0.32886443268370213,-2.057986273291672,-1.7671108136992597,2.365131837634907,-0.3694777261343832,-1.7263824750508037,-1.2704432962623824,-0.06616100134435351,-0.4677282492279574,-1.1222328454586776,2.1757559681696605,-0.12874201460313464,-0.8308821250542807,-1.0889426426814568,0.2805365787943767,2.560183168410716,-1.466337068793427,-1.1774079493184753
-0.7957723328109626,-1.1906672747851512,-1.3749527245495192,-0.4655765508234596,-1.6210175598332672,-0.11794835597609217,-1.1269744005170714,-1.043604476845036,-1.4946778806740424,-1.8056176714260235,-0.5934596908401871,-4.519361221324411,-2.1293266526667223,-1.6549629562339228,-1.387253453358642,-1.9391894129831697,-1.2393431705957418,-2.890875732384911,-2.812130543022145,-2.230061524609684,-3.217020731221748,-1.2965414564054873,-2.9198423704949814,-1.466337068793427,-0.7412524092642936,-1.7538314895613811,-1.5237851886283258,-1.5023829498098582,-0.6246676525054187,-1.4063944499801744,-2.143365706159017,-1.926294252247781,-1.4381294327678584,-3.5960876745702945,-1.653438136244748,-3.2887374920200867,-2.8849836536288747,0.2599162827509153,-1.7197712293412073,-1.246596596243019,-1.9754972101120813,-0.4133665049805424,-1.7334739926807388,-1.931932344829699,-1.5542578697248608,-1.7260692135439653,-1.3950970606769135,-0.018351336403829424,-1.8583251160455532,-1.4496939329870269,-0.45758325878835693,-0.9015322013773,-1.5565566018864458,-1.327787449677488,-1.277327340174482,-4.712279124781678,-1.7928456454279225,-4.452938372208614,-0.5321779281346811,-2.0964380463599257,-0.30575932761720864,-0.3578726625777668,0.6553356180517698,0.14427996380173191,0.5699082396439381,-1.4484337953484696,-0.013363991495474669,0.6312738161797222,-5.615273926115386,-0.20813031890444292,-0.6256610499622905,0.1059442612769355,-0.31404805730572927,-2.2817321246764846,-0.5074374651731876,-1.095634545080737,-1.0513302246710572,-0.48782920847216504,-0.44876830537838064,-0.8983192870609275,-0.5619999959276664,-2.104256620921124,-0.8533545703943306,-0.5435610233494454,0.706065815567908,-0.11743512257312147,-1.5315491714633183,-0.7637395640663414,0.12426819982774892,-1.446714131904626,0.5164117314753744,-0.8634404737332808,-2.1191565681348496,-0.46579777118777443,-2.1598593244332833,-1.4236049755140128,2.270271570532107,-0.4376389766845764,-1.7064692566483386,-1.3200521876541986,-0.31124552259930366,-0.47005251917051055,-1.2322067528684857,2.069156135751309,-0.26421866417855927,-0.7748568486220292,-1.1768116279100622,0.2006715173049055,2.45710460774433,-1.466337068793427,-0.9577151519677982
-1.0655441260489271,-1.2249472177126142,-1.4518622065374984,-0.5841778136983571,-1.6186698902376664,-0.212024127444083,-1.2434132409548562,-1.005318807957291,-1.386202388619019,-1.8314003286401,-0.6650749727691838,-4.42708130550211,-2.2101968910055794,-2.262479255527079,-1.2926417544585511,-2.0182473324850525,-1.417837534578663,-2.9089440198548564,-2.9571932707311572,-2.2175465866118693,-2.8947458904278744,-1.6368822477653249,-2.914086019832724,-1.466337068793427,-0.8312439943720048,-1.7440747490826183,-1.5218432883692992,-1.5011804387530017,-0.6534757492080421,-1.4084893382030035,-2.120404468805457,-1.91066719402457,-1.4390952889917983,-3.248647969423767,-1.6199554916015078,-3.2854123152294568,-3.039519940381423,0.21507996505509866,-1.5617236771130925,-1.3899039274128246,-1.8128527121402418,-0.45119457354689757,-1.7365114980023648,-1.9356896519918447,-1.5589198884852968,-1.731431506603241,-1.4059156932109638,-0.14908986228343327,-1.8590908539167081,-1.4510594307907323,-0.49360901864095585,-0.9833839765635306,-1.5791302053178908,-0.6748908197036699,-1.1536996877712542,-4.592214885055535,-1.781784074520308,-4.363081586534319,-0.5510443465680985,-2.0760740652946716,-0.7391547076791998,-0.43945026648213276,0.4810992551994376,0.0034208724391156654,0.5163758727456411,-1.4390632913594927,-0.09418565743756302,0.6551204634886574,-6.717160209186029,-0.19214512726411356,-0.5350586279516284,0.2159922965343859,-0.4844971902502912,-2.3428249294483394,-0.22881394646670453,-1.2507859983024983,-0.7691514732839014,-0.5823912621220456,-0.4867234347065362,-0.9287567865342191,-0.7280508533728587,-2.128803670187159,-0.9447166525425587,-0.48500053718102043,0.9503461877938786,0.33495849982559067,-1.4982053376020246,-0.7055549669517899,-0.20829960064330655,-1.3861029078163567,0.4905684878503451,-0.8481297284100894,-2.0570661670804493,-0.6901782857357439,-2.364582686342085,-1.3063770111211905,2.162177388945942,-0.6961618840698357,-1.7072910823999794,-1.3207858109526447,-0.47117959283196453,-0.5849733015289206,-1.2326650952639084,1.9039772324484505,-0.3505478068868984,-0.8068022619806404,-1.1785962477548206,0.12064771440084907,2.3654814064015524,-1.466337068793427,-0.7467761938906853
-1.0795985770721457,-1.2333435345866732,-1.4523334180553602,-0.6151752286182487,-1.613303195350751,-0.2561072939523547,-1.2512464182793368,-1.0213917873682488,-1.3890089959077794,-1.8185717374831039,-0.696660349902142,-4.323038989047913,-2.184361942800804,-2.2345191619428664,-1.2987282291445768,-1.99886516670344,-1.4195404157684737,-2.859703718564975,-2.904882453694807,-2.1911445371070273,-2.844548852563742,-1.6308488018038123,-2.863310184190018,-1.466337068793427,-0.8535275324758886,-1.7343153409750878,-1.519909949392707,-1.4999789027690698,-0.6820202397977337,-1.4105376520324429,-2.097438718980326,-1.8950569583523167,-1.4400720333170103,-3.1859449684832093,-1.6146112281015201,-3.2215035251402666,-2.984245622497356,0.15868486829555764,-1.5583781985663672,-1.392613482524992,-1.8006359938677943,-0.4872255369081965,-1.726729454262406,-1.9194459449859274,-1.5562805406252473,-1.7223650890942053,-1.424367107153117,-0.19159764603155735,-1.845615031575445,-1.4518040089808026,-0.5201974365205527,-0.9996579577232436,-1.5750995929155702,-0.7026957374896814,-1.1646936753659307,-4.487925802168097,-1.7706797046754714,-4.2565701630998944,-0.5831935863793692,-2.0546468999656846,-0.7647220076916689,-0.47566162026032865,0.41266817502778713,-0.04821867559435928,0.4466761645055469,-1.4400527006045918,-0.14240773938429424,0.5719773129137341,-3.9158791440459386,-0.23755711394061438,-0.5677905703148577,0.157018873596683,-0.5190032177211875,-2.3118126428494596,-0.2721047184677972,-1.2582897318120576,-0.7936686774010252,-0.6134460446361154,-0.5211316992914535,-0.9476516766338273,-0.7539863371008558,-2.105708820422207,-0.9630352634621251,-0.5194800988462845,0.8655387403286642,0.2716693504128665,-1.4970867467617315,-0.7322593052252769,-0.25224717234275534,-1.3889204680255711,0.4217969886231117,-0.8698490712635756,-2.036298232845442,-0.7168535047979061,-2.333039674086249,-1.3114304165124817,2.0346118755371667,-0.7223249128724,-1.6988207694657287,-1.3258875358484208,-0.5061435851410279,-0.6160525879947003,-1.240884773574047,1.7855005077317996,-0.39000157067780483,-0.8299797727144503,-1.188704247173434,0.0648804869756974,2.230824272212337,-1.466337068793427,-0.7720516475668562
-1.6384706191412528,-0.17237007220868883,-1.9565173544534105,-1.4348854752651659,-0.39965341420366773,-0.5008337527162161,-0.6533934051385841,-0.8122826918980965,-0.5519812031209717,-0.6490745118813914,-0.6382949866095498,-0.3525271036434852,0.25808164571556924,-0.6633187693514764,2.201427084350706,1.3682947476821568,1.012763242516345,0.8079123806855707,2.0194351062443,0.7218355876135651,0.22871701986025603,0.9430264915163638,1.6498770710693513,1.5135455208438526,0.006251418141971266,-0.2492524510568491,0.07108818652619982,-0.10822931666465352,0.674086147558895,0.37418039106588113,1.0879891495037244,0.40371711141352673,-0.04442881419624063,-0.4442942109608136,1.902859833675867,0.13325383402906946,1.606717790094743,-0.3654562295573714,0.11365053803515796,0.08316134869037947,-0.22601947466492667,-0.09325443448887648,-0.2287091140951335,0.629533320862841,0.759097190842644,1.0166981087081244,0.8278061332216041,0.5349301747557095,0.33755377821280086,0.2438626006935252,1.6345708241028436,0.5794892931507791,0.29048911252079285,1.9542122896935215,-0.21594725235566123,0.17991649836500037,1.9695984308937966,0.052378975651713205,0.29088859818753227,0.27758643539725764,-0.6094624882501539,-0.4002951256254981,-1.0841223417819745,0.307050160906976,0.908284501351261,2.9186123820174403,0.11288240801790803,1.6484228543774797,15.794195313808236,2.4735502575364303,0.27833149951156166,1.2523733470820129,0.6984105117290879,-0.6835919863511302,-0.3785389453062573,-0.04756961211958752,0.8810454770580115,-0.5124247863289646,1.3352398031775092,1.2174926927069507,1.7669695032110664,1.643570551724392,0.5297133376988463,-0.16802747313741576,-0.9156141519615767,-0.46544707074352387,-0.18765356923993684,-0.3566981372530206,-0.3528021721327305,-0.8980892752534521,-0.8369102455740172,1.2124743327824246,1.1770560616785806,0.782533748632374,0.5007826414113965,2.461021937469744,1.1844453127820298,1.580100123354473,-0.4383289735269701,1.4192234670408628,0.8226395090387143,1.2421714678600615,1.2159057467716288,-1.0800993213875152,0.3759198720960221,-1.1665558144750403,-0.4241746899126099,0.8138443700753413,-0.8222032794360286,-0.8976356849764018,0.5233916289910516
-1.888994612927118,-0.612597629346761,-1.6405541615184263,-1.2023390143581552,-0.5880497902084187,-0.8833866586870388,-0.32601136154468907,-0.3846064953505369,-1.0440088957001656,-0.8358631910735593,16.545390126177246,-0.3388130402030041,-0.24984044539004857,0.4807347201543464,0.8610503902914357,4.017572794252088,1.0554754883637203,1.153859774742333,1.7124602686701669,1.3057118745115424,-0.1305298482718289,1.6110069295092517,2.52027663965351,15.686024873637106,0.16120557486214698,-0.276388678114953,-0.6256865553626147,-0.16277593185182357,0.2862437497331703,0.9034233946421957,0.46013383974430516,-0.12435309282136038,-0.1738638628139699,0.8126495391127906,-0.4202016072519445,-0.1975542432778463,0.7446350671492551,-0.44602586501922376,-0.16385470780338268,-0.018902986315784232,-0.09155028353248994,22.074734874897246,60.89332275375316,39.84659305115365,18.984238784602844,14.44629275149077,11.763963274685858,0.6119615386832251,56.4397602816332,12.813788218595985,13.51739310080424,-0.8573577036235895,-0.4426449774715791,-0.390754484053392,-0.17028725794182248,-0.19838932329921116,0.23034093590602858,-0.7344236667650976,-0.6147667463067568,0.217891843064998,-1.1049277015779526,-1.0189377704562579,-0.8695699478188533,-1.4182669603170093,44.70116709917688,-1.843896882090206,-1.6119072886496848,-0.1932554828399696,9.506636032951437,16.653487126857247,-0.17476942750314903,-0.7818943408078964,0.2623178986553275,-0.5126198189326931,-0.46466278701888625,0.1284416371976955,1.143463999431899,-0.4716879006306844,0.49135019204180874,0.06878509875557481,0.6621848680622606,0.37053456691441256,0.46895173954781894,0.33567235146373525,0.3581677378973095,-0.4800887514882402,-0.2834097197670641,-0.6093443420635524,-0.6039029816021947,-1.1336052628591542,-0.9476971418018354,0.9814918365009487,0.3718950632623416,0.46366222495762177,0.42738665824647154,1.3824087179034323,9.803255560342977,8.505693608891251,-0.25676592757142486,-0.31772117474164535,0.3986378570719149,0.363297449001516,0.9531769702160204,-1.2682497146972378,0.8315201045590258,-1.1101830931258654,-0.24823386297578404,-0.8933250755922606,-1.097892690789374,-0.642790251908201,-0.6169459409084265
0.25977317602919964,-1.3774557829793195,0.20601933869590955,0.3943410834740645,0.23562271665385495,-0.30371032232913586,0.568847862295479,0.5460232477224044,-1.44601671198737,-1.5476170280674633,-2.1771448742226402,-4.564168303462211,-3.120878175357897,-1.2147666968203013,-1.3922299873046535,0.2035854402175597,-0.9446487529344694,-0.1808141205502155,0.10922427485627724,-0.1419509811325629,-2.3074913346387542,0.7081023732574124,0.8439565530655463,-1.8242021110259945,-0.7848781676691698,-2.3188894607161177,-1.4423184936118905,-2.331863931627496,-0.7414030049143617,-0.9334849472259953,-1.0761321816230103,-1.6390345089484306,-1.9237890132464734,-2.4007445244989145,-3.6467363549179255,-3.6009795744144077,-1.7923978297468808,-2.34084449256111,-2.900927797858991,-1.27272479359484,-2.751898585172872,1.6392218458096695,1.8706691987845199,1.9293745832241078,-0.6384389861418599,0.6419032680238798,-1.8122333010356722,0.23788561834685537,-1.8019080855605691,0.7527319180843446,1.8398380907434797,0.34596710807687586,-3.146981228691986,-2.453706419873231,-2.3986162020340664,-2.780621904086765,-1.637421411839451,-3.945503612495222,-0.42010067672776896,-1.6074831321317447,-3.973493996159867,-2.573137956455697,-0.7495804685614419,-0.09205552559538131,-0.23310501433326059,1.3390562644073687,-2.676320081736753,2.0066548619544933,25.480400136559034,-2.169452738369206,-3.3939211875077824,0.346628250431328,-1.6988819679237448,-3.5854967282027745,0.8066297744865397,-3.2645832108716513,-0.039737400395040305,-2.5722648303134656,-2.2229399914319505,-2.2888643539786075,-0.9610541989186135,-3.3393212709782096,-2.9820172451959093,-3.6180434614798616,1.5228139783314492,1.7351843169308478,-3.6607571047661276,0.02850848771813254,1.2277780899333242,-0.11819214569843374,0.7217262254024039,1.4884888349550156,1.2320921450685745,-0.646355395773847,-1.8906296422360465,-0.7678901987822332,1.02752416865293,-2.1413052012871585,0.7832480052992149,-1.8553628943613822,1.2610497343581581,-1.2202912405157555,-1.6268170726483953,0.6161918612017069,0.7290388525046143,1.4670645953415709,1.532359347947467,-0.07169023817307109,3.1547288194443435,-1.8172282358496215,-1.452585726738384
0.3710846027339283,-1.355257092511287,0.3146774823118907,0.512646778387417,0.3460314314568134,-0.2232272926519801,0.6969154456255937,0.669939776620203,-1.4242267755450528,-1.5337466969963693,-2.3729509593228486,-4.582867827671471,-3.0602075178772528,-1.035306986174999,-1.3699463671568615,0.31018001448967586,-0.8962963212339126,-0.10113496813863347,0.21521391758141412,-0.05404389684370529,-2.3217652059976275,0.8432403939828417,0.9835901025326398,-1.8242100913755026,-0.7314223316558093,-2.197172417086483,-1.3571169000936891,-2.2424486170530695,-0.6354755260018445,-1.0725949627521358,-0.8301467317733741,-1.3368209102650854,-1.909642057113285,-2.68370849220912,-2.749321476973171,-3.6945429289535894,-1.6734081385583681,-2.3422832172723216,-2.4343354060072984,-1.334742778734283,-2.1002165825957024,1.8075374542755767,2.0414435450858113,2.112704630263422,-0.5827785730797326,0.7633772971483789,-1.7920607764292336,0.40612787277223994,-1.8014552952273277,0.8800296173303478,2.017169812655748,0.7133387197010108,-3.1604657134583283,-1.3133563424604993,-2.338508507781504,-2.8767895344840184,-1.5517089084809643,-4.01733057389822,-0.2302604527348788,-1.3711437228072243,-4.008029845954881,-2.61136172413794,-0.10399462389372743,-7.282257932084665e-5,0.14162596674413835,1.5042892328006747,-2.723171328709225,2.168838463932416,25.583646528646284,-2.1901959588107727,-3.477412508785203,0.4617438826032631,-1.6964620040822385,-3.677323499699066,0.9463464498684668,-3.3414972433525576,0.05755341949853551,-2.6121379442011174,-2.2442541102695457,-2.3152144449016254,-0.9154299257908864,-3.421864458864318,-3.043858771158431,-3.711705634426078,1.701303652009541,1.9245981935995127,-3.7578721775251833,0.12702788667961626,1.390092499144303,-0.027432357340146284,0.857047996698305,1.6646475402709122,1.3934502929340697,-0.5863541280224057,-1.9256194910195232,-0.7202576544326568,1.1791707226986605,-2.1583598557838366,0.9218723214750445,-1.857152860150925,1.425578895541615,-1.1887020971169857,-1.6164943845668946,0.7459570081348882,0.8638590025111988,1.6420514443160708,1.7109505626164188,0.006706538770528364,3.3727820587477226,-1.8171298801166342,-1.4332832745341895
0.6070728601441413,-0.4436102934318313,0.29702173628915407,0.368289705317103,1.4017192325040857,0.22991296362207977,-0.14626873406522806,-0.16473109243875242,0.043222932362204314,-0.1070519104311646,3.2579129767162036,0.373272347054498,0.7431041957579313,1.4012628808984402,-0.4680744448145896,2.2500017810785655,1.1689089604275764,3.1890896066713843,2.412873387483518,0.7592651311611418,3.904168100915204,2.746041522471558,-0.31742748717904,1.4906304417042062,0.8230791176843305,0.11534895761497131,0.7081371974215688,0.46909672301434824,-0.5396534006353386,1.9606099569037052,0.8871707566016521,2.0282944665373854,1.130900871189176,1.0193901897456457,0.6555041489078078,2.0281805670447164,1.2064709726457832,0.3802592210321256,0.7292833449761356,0.9574890886866613,0.3358783167092083,3.0217776179487688,3.7060377919327436,3.8879219221205013,2.9959975661326457,2.93095689499396,3.5360975897342173,3.8142196462945885,2.855822701244834,3.0435209401566894,3.525749199973824,4.212899075649503,-0.5659359595665774,2.8102417947670353,1.1333034765775816,0.5378355818559746,-1.6313838489538655,-0.018526635607792108,0.6581468324987944,-3.488166036808679,1.6353257101729197,-0.3443299089276047,0.7586849813595404,0.7920094386567197,2.633687297721586,-0.2437082390587222,0.2109172113582598,4.883997913574899,7.033315244751646,2.6021232722310836,-0.04356104957317443,0.2838932662283313,-0.656996446550388,-1.2756586820759326,-1.1258678860690368,-0.32336751004338654,1.9908485843558164,-1.3996970535249467,0.32913862109726894,-0.24579585879694796,-0.6252914156154249,-1.2463579637178417,1.198173506792412,-2.176894452546475,0.09098410906272282,0.2802429853009731,0.2722702254358991,0.280769816000169,0.9547810900010886,0.2512874616656299,-0.3686386805449876,-1.0495040480636932,2.1820405313040965,3.3061135753851256,4.868809095385016,2.721916030997539,0.1456991274916614,1.4421520465364897,0.4193115631231889,0.4213776934940666,1.464295286661025,0.19555744467727362,-0.7462129096299869,0.6290037760553092,-0.2115711059756397,-0.3893283427003325,0.9578666092193209,-1.4138415580457468,0.13135841871815018,-0.8484592902284293,0.5191747779788926
-1.1310298969886288,-2.095370442480977,-1.0907957175282426,-0.238127654275011,-1.742586100079029,-0.28917094983297065,-0.49283368351075524,0.24995883568472513,-1.6108335681970924,-2.5180382436538427,0.8711930807102689,-3.7183303199528353,-2.5277478682851453,-3.2012430373311265,-1.1502248669066533,-0.9994150243740582,-1.4655348143863616,-1.967334339899923,-2.1155241721283606,-1.2746455619631327,-1.4938707706680752,-0.5035678543411793,-2.0874327477431094,-1.0986122886681098,-3.05660631616608,-0.9728527360235321,-1.1840474260438676,-1.9557760016968233,-1.5767040664954126,-1.2373754564207102,-1.4109720408457798,-1.8570231412740252,-0.6899887721715617,-0.6874886550624613,-2.2754161213436506,-2.891400558207323,-0.19639742434525237,0.8714744763391099,-0.12603854635731654,-1.228067816720762,-1.1201372078359768,0.07988174252745495,-1.5210983029342429,-1.5856400252862324,-1.2749949308461497,-1.5155352821555168,-1.3034740546927226,-3.0131969493768773,-1.6727790531398048,-1.0532715749228962,-1.6360767161079695,0.7693034411086184,0.6290934081263546,1.7045558562071703,-0.44304730512936596,-1.8230521053734183,1.2579369550239259,-2.2543300717849224,-0.9780974148083286,-2.023334314730201,1.3057115987250647,0.5955919024335281,0.7466855001401282,-0.6198739181347888,0.6748405699678277,-1.0154226099602086,-0.3425387952587044,2.379506431332993,-5.117739636122193,0.38374697266854096,-0.4126430796968202,1.0516147275084486,-2.272403244137447,-0.7643337681728152,0.6535631197149373,-1.4027446023984234,0.7618415510580049,0.21984158339632634,0.9475313235622607,-0.13349967347781924,0.40083731639056297,-2.058874613019425,-0.5596226659186955,0.44561095415865837,1.8532405656449193,1.7353252311028127,-0.8845067129148604,-0.16643730474198756,1.2130891559519632,-0.9898928685554735,1.310116687278577,-0.5558080368233451,-1.3164657474943329,-2.5805948204484603,-3.4546599302939787,0.7509604999503203,2.7552521739308835,-0.7249546145416922,-1.1883019426202721,-1.0622040509741615,-0.22152647007942397,0.8678177555099049,-1.2281047974116974,2.6395358126438544,1.169225439519923,0.03522104803500862,-0.4386410654476032,0.8102375083473764,2.6760791886631194,-1.0986122886681098,0.7475281804041198
-1.3223255677972732,-0.9974879070871926,-0.47299727210852704,-1.2861179084781271,-1.5769378401299459,-1.2215563668547795,-1.543405618147048,-1.3862280525402424,-0.46744040832596045,-0.9925049422662852,-2.3916324873297534,-0.40044547287251303,0.5312945370383201,-1.2369066979335843,-1.036086058948608,-1.1504116071498707,-1.116834691604198,-1.7429416008487597,-2.0105770476358984,-1.7142055175386781,-1.8380362870898355,-1.6512191109808465,-1.9900442536983567,-2.5804905324169978,-0.5881411479829424,-1.2809073304943084,-1.4635396521817516,-1.2756964520257836,-1.8235563521736762,-1.151022795247622,-2.1227650465920482,-1.5627769815978272,-1.2774419832322574,-1.8418202871063094,-1.345750131262958,-1.1191505391799823,-0.6866959655789863,-2.7497886588045413,-0.9036166475645818,-1.3199712372279002,-1.2142167575634621,-7.001917271648356,-7.0879757775339165,-7.124878416360015,-6.9942542010445665,-7.049640656198054,-7.285780032818317,-2.1267729724076108,-6.935634256394942,-6.119048339212746,-6.539744572806441,-2.4431999100447426,-1.096043277857533,-0.1671478373191941,-0.7111348024773454,-1.2180438788247925,-0.8062822246989341,-0.5890674488785883,-1.3215853775701458,-0.9476926612710566,-1.2121635249005256,0.05049377693452736,-0.2639995895468114,-0.3622979058229553,-2.017939222533893,-1.0032880942944955,-0.4886587640238784,-1.6639200724943448,-25.72086911844906,-2.2710080795095986,0.08258588653845972,-0.35724280446172035,-0.7511912294221904,0.3846331759526227,0.23100573458340193,-0.02476850378017589,-0.5356914502052327,-0.2299702311398754,-1.0190920795227738,-0.285034952475663,-0.21213207177212565,-0.7584903614251051,-0.5379309073805989,0.2320920889542164,-0.6386827377883338,-0.2017328986237939,0.4468417402359949,-0.05056393889821571,-0.6044793410115951,-0.3918486325095694,-0.45400648940392685,-0.36903944660179155,-1.1000334418185385,-0.5002442244238231,-0.47765271747168037,-1.1852324020031826,-1.6070028656712818,-1.8366024552787958,-0.2844407124929928,-0.4275623220909397,-0.833826259636573,-0.56017946469617,-0.8331958792294695,0.12652405984814158,-0.6473116476052074,-0.28956690547205316,-0.6690647524887291,-1.488606726022974,-1.0295492950262615,-0.38458989496330415,-1.2330839858136609
-1.325783186604307,-1.5614200887548624,-1.9257514573457808,-2.1360677802186805,-2.2816367751413504,-1.8042914472197225,-2.576411890445562,-3.067658879220389,-2.761786196160548,-1.0404406898035519,-2.078325199987887,-0.955864744596826,-1.521902894929636,-1.4676804010724027,-1.4806930202195825,-2.3325160574503667,-2.165818258084402,-2.4871972831974807,-2.135897530370188,-2.196478129464978,-1.5379716025981773,-2.0772258456570594,-2.38816167809792,-2.561162185678159,-1.7050006184274396,-2.013201204965471,-1.9324980103003497,-2.0861487499764637,-2.3261768368160185,-2.1612223859565685,-2.2450662296171213,-2.280557574266771,-1.6211859087136593,-1.7069950341125464,-2.2171696594013044,-1.5419573432155054,-1.6010935291646051,-0.2356959566987645,-1.5864175079988974,-2.004804744785432,-1.7856142439396123,-2.2625675167674184,-5.06708901149724,-3.0136319280218586,-6.294635644226537,-3.385275058683625,-6.554112622996079,-2.1787143387898524,-4.793515100257934,-4.391852634630817,-3.835646201239381,-2.180173622883501,-2.2924021471322993,-2.1630668019621946,-1.4820440780911976,-1.6224412406831865,-1.5888123719048939,-0.7850015829028424,-1.8617118210737884,-1.3140342602056068,-2.276045009835534,-0.45365497378985775,-0.5021581003741002,-1.399996103891286,-2.458030033985242,-2.5105749952948453,-0.8957057740022975,-2.004863854265266,74.36563396429116,-2.2853657541588466,-0.8495431871245152,-1.4185102394602125,-1.5268155499311333,-0.18031396156730908,-0.7289135779144258,-1.088095983256427,-1.4311318011735787,-0.6443605936563567,-1.7107945872120123,-1.2099491129316076,-1.3594609758376428,-1.565754711233163,-1.1247534798879124,-0.9308849701812623,-0.8979393015539364,-1.3305044561465762,-1.291238891927635,-0.9604216210476244,-1.1359211890863983,-1.2903000025510696,-1.1174734966887576,-1.1049516309211789,-0.9721221473683886,-0.4234773345722219,-0.5129522427445817,-1.565009734230611,-0.7678639715703856,-1.973098494123177,-0.9153296662660282,-1.8835985320813147,-1.3543492325026842,-1.2891671600671906,-1.5496598686909382,0.6595171211000831,-1.4765727297617697,-1.0176895802117112,0.42512005374418316,-1.7800959461570227,-1.592486022904767,-1.0018453790175017,-1.7110872721836623
-1.92244164443734,-1.3144511944079627,-2.44367420834053,-2.075661549405607,-2.053068543259292,-1.518959787933546,-1.3900588937124871,-1.8186056174902019,-1.808466809156619,-1.4352375285147374,-2.174474605710721,-0.9385779063137387,-1.2720065513365704,-1.2779163094304689,-0.7087812695166188,-1.8927387236777897,-2.4109202268742584,-3.044321711218601,-2.14975708161233,-2.6999098269834723,-2.225608597257328,-2.431467757973109,-2.8710928115966996,-3.0427867816366017,-1.955635319489731,-1.1284636310400373,-1.4112805548291358,-1.0075127431897946,-1.4536809403990596,-1.2385281551940013,-1.8518184761143048,-1.5558895126108083,-0.9261019257982506,-1.7886691578242653,-1.6608454416514675,-1.476391010648635,-0.7224016082395619,-3.1311183510859704,-1.4962539302574487,-1.8307546536425048,-1.602661799368393,-6.983536707999412,-6.932275266955434,-7.239560766290376,-7.456783045848557,-7.44096361711672,-7.339697378306372,-1.68597264848167,-7.103463238156284,-7.193391944262754,-6.833634961030342,-1.9511613757985558,-1.8599958365293656,-0.6259495941876919,-1.7045457654926517,-1.927070203272516,-1.8307650800624493,-1.3898631136728874,-2.043267305654099,-1.4582526723801663,-2.131408487169439,-0.5405895128862667,-0.9401921509245093,-0.7376425624093761,-0.8468904090797712,-1.8557704632232446,-1.575256079913078,-2.2242623873546044,-3.1475281462099445,-1.156300836998301,-0.532578954664578,-1.4682442001702312,-1.172328474112677,-0.4981767405256886,-1.5651515096556443,-0.9141814085872055,-1.5552400733144793,-1.1666714699231648,-1.0660110407436512,-0.29329778130903306,-0.8227503782229462,-0.14069235535223742,-0.565974715949198,-0.5319081407579509,-0.8990970948379751,-1.6478316441092102,-0.157768890646566,-1.8527752866620077,-0.730851440426046,-1.2731175159325612,-2.0404775455537134,-1.8599710620984802,-1.071969763949928,-0.41049954015849066,0.15865822263094434,-1.8555757406030338,-1.0609121751340125,-0.37504340969497135,-0.8950836316130635,-0.6674461734046008,-0.10375720168554049,-1.2787976382382604,-1.0917642888897738,-1.8206653296117898,-1.9363801388616226,-1.8204998371790886,-1.9623042391535912,-1.234078168232738,-1.5798513400486338,-0.807121371001971,-1.4399759141547506
-2.6379144696429804,-2.4997944987801786,-3.162285188915651,-3.272264911477824,-2.851537158865295,-2.584959331428889,-2.8219597985611706,-3.1457826537822293,-3.5226652584007887,-2.82733713003745,-2.833300787117219,-1.5644475720639484,-3.76166948512477,-1.7311391943193544,-1.9269660877941315,-3.0328552279560554,-2.9496229769973055,-2.5778861887811093,-2.277747463511299,-3.2360941088020496,-2.7586186641112684,-2.7209588643528275,-2.8413264849283633,-2.998943490610088,-2.501863938775652,-2.6679683877050393,-2.526509991994071,-2.4276959002645326,-2.518475915873544,-2.2911445136020565,-2.563419527871865,-2.7134625607769225,-2.537807046340261,-1.759320153926871,-2.3993450030072663,-1.8304177273532345,-2.113891413099756,-2.7226981052468537,-2.3771064459896416,-2.261689591890224,-2.4155905033675285,-5.9687449243499655,-5.923390220913324,-5.482188155386229,-6.8293960519688754,-6.499128042467332,-6.723804525022771,-2.3324266818512194,-5.941591370167112,-5.560550087619045,-6.267611062405272,-2.2260874083878224,-2.9516867262879147,-1.8677564340742172,-2.1541635634492056,-2.3906955676167514,-2.411917015013763,-2.0159041403881557,-1.923189705482037,-2.1862322053030603,-2.8034353591525982,-1.7726053286455403,-2.0623892316657293,-2.189359259759491,-2.9065488155300496,-3.388986254187816,-2.2071607036034884,-2.0747404224432695,-2.425863319654311,-1.7789985173624863,-2.7438616396855804,-2.5876400183517205,-2.738551220331914,-2.8956073592865983,-2.3862161832998505,-2.2382061248993534,-2.4753793513956492,-2.5865178640646995,-2.3989863359916206,-2.8459835092858867,-4.553504735697607,-3.2223528096492724,-2.3567358273108194,-2.871132762869001,-2.2987793126576617,-2.2656704272772856,-3.2544781836194683,-3.1489569153155426,-1.914299108027035,-2.304247707735956,-2.9769144989193927,-1.7132343539329036,-2.665303336114063,-1.6879617426199989,-1.9868037652212274,-2.518682546522084,-2.522691029450278,-2.0199439982933516,-2.5416563570856794,-2.6560371577827273,-1.9188747859087312,-2.2556894114149517,-2.612054019453652,-2.5317989037608744,-2.2919012278892383,-2.592435791974972,-3.684002032676158,-1.9368567295597552,-2.41354119249977,-2.1881904127397087,-2.4739533520729697
-0.34287914236655703,0.5534382954892684,-1.5524823627008677,-0.28229472081022944,-0.35883449941514395,1.3522037035772685,-0.8378341701443686,-0.16358280739399206,-0.21986444366638291,-0.48386997533861886,-6.154523829804671,-3.4739656725936334,-3.4315089537973966,-2.551308836639786,0.8823160262394536,-1.5395907435738192,-2.9192424105152965,-2.660859726982167,-4.681850812991468,0.5445062847337954,0.9955209998528749,-1.8869443279768943,-3.963324861625047,1.2965882058262543,0.7578186258745153,-1.2839351093683613,-1.0296997196735092,-1.4568012495740978,0.3344997942878994,-0.48879549981165316,-1.18899361114604,-0.2761042676805279,0.03679597586085764,-2.499038577815897,-0.9112863077684172,-2.9284924134062624,-2.9837337153289982,-2.153200229876301,-1.9561418248604592,-0.7971554884148694,-1.589067844575163,-1.738399182484018,-7.456117478846779,4.9024493326565874,4.801632038240218,4.924152763483655,4.793666339254533,-4.058092251760138,3.5662905724110923,-2.8362398432268474,4.215187644752454,-1.1431632638365679,0.0904241665275012,-3.0389551937090316,-1.8021118167829893,-6.630726159306398,2.0043446734589256,-6.095880283308975,-1.1407198391112174,-3.2836965063018893,-2.500705359044456,-1.2471167757198804,-0.8323585877762759,0.5010865739122407,1.811877115239438,0.236739871773211,1.0304673017257213,-2.811446808810273,-8.46681501570635,-1.00241792827071,-0.5323334383699808,-0.46978150630472565,-1.9182577217971402,-2.0789399316893657,1.335545043339423,-0.2689333606947888,0.9483572970769859,-1.1558546898963598,0.3452019282073856,0.7416237232001777,-0.6278345701399605,-1.1026339159209055,-0.6476075458401831,-1.0992009710501767,0.039886687528806426,0.027671958646417368,-0.9192254890437529,1.2115762098370604,1.4992733077878884,0.06476648034537122,-0.6349565646505636,-0.10227897869866805,1.4911672752906269,0.22612239082197982,2.5454360027774956,-0.7634478776830329,0.3259263463080212,-1.8582869127246362,0.30854302128700106,-1.0465573715640324,-1.7817842107759247,-0.659565232222228,-1.7402990697859746,0.35957410245422156,-1.2992264379952436,0.6198276767680467,-1.6558479965245658,1.6777333305110729,-0.9099823593824127,-0.14784468838942036,-1.0100567633768909
